ID,sentence,reference_Id
Q10_2_001,富安省東西相距七十里，南北相距一百七十三里。,"[""[[1591, 0], [1667, 0], [1667, 1744], [1591, 1744]]"", ""[[1480, 0], [1591, 0], [1591, 1744], [1480, 1744]]""]"
Q10_2_002,東至海十六里，西至蠻局五十四里，南至大嶺夾慶和省寧和縣界一百二十三里，北至虬蒙山夾平定省綏福縣界五十里。,"[""[[1371, 0], [1480, 0], [1480, 1744], [1371, 1744]]"", ""[[1260, 0], [1371, 0], [1371, 1744], [1260, 1744]]"", ""[[1148, 0], [1260, 0], [1260, 1744], [1148, 1744]]""]"
Q10_2_003,北進京七百三十一里。,"[""[[1148, 0], [1260, 0], [1260, 1744], [1148, 1744]]"", ""[[1045, 0], [1148, 0], [1148, 1744], [1045, 1744]]""]"
Q10_2_004,貿天文翼軫分野鶉尾之次，建置沿革古越裳地，秦屬象郡，漢屬日南郡，疆域無攷，秦漢以來略耳。,"[""[[767, 0], [877, 0], [877, 1744], [767, 1744]]"", ""[[658, 0], [767, 0], [767, 1744], [658, 1744]]"", ""[[514, 0], [658, 0], [658, 1744], [514, 1744]]"", ""[[397, 0], [514, 0], [514, 1744], [397, 1744]]""]"
Q10_2_005,姑舉其竟為林邑所併，後沒于占為婆苔春今臺沱浪之地。,"[""[[397, 0], [514, 0], [514, 1744], [397, 1744]]"", ""[[282, 0], [397, 0], [397, 1744], [282, 1744]]""]"
Q10_2_006,黎聖尊鴻德六年征占拓地至此，以石碑嶺為界。,"[""[[282, 0], [397, 0], [397, 1744], [282, 1744]]"", ""[[184, 0], [282, 0], [282, 1744], [184, 1744]]""]"
Q10_2_007,然自虬蒙以南尚屬蠻獠，水額嘉裕皇帝戊寅二十一年十月，黎光興授梁文政鎮邊宜元年，招集流民干虬蒙苔墾荒地，於沱浪辛亥五十四年十二年，黎弘定占人侵邊，命主事文封姓缺討平之，以其地爲同春綏和二縣，置富安府屬廣南營，命爲畱守。,"[""[[184, 0], [282, 0], [282, 1744], [184, 1744]]"", ""[[1725, 0], [1793, 0], [1793, 1761], [1725, 1761]]"", ""[[1577, 0], [1725, 0], [1725, 1761], [1577, 1761]]"", ""[[1484, 0], [1577, 0], [1577, 1761], [1484, 1761]]"", ""[[1349, 0], [1484, 0], [1484, 1761], [1349, 1761]]"", ""[[1240, 0], [1349, 0], [1349, 1761], [1240, 1761]]"", ""[[1161, 0], [1240, 0], [1240, 1761], [1161, 1761]]""]"
Q10_3_008,熙尊皇帝巳巳十六年元年，黎德隆文封叛，命副將阮榮民房運商理討之，立鎮邊營，後曰富安營，設巡撫官。,"[""[[1044, 0], [1161, 0], [1161, 1761], [1044, 1761]]"", ""[[960, 0], [1044, 0], [1044, 1761], [960, 1761]]"", ""[[854, 0], [960, 0], [960, 1761], [854, 1761]]""]"
Q10_3_009,又於十二年爲僞西竊據，中興初收復，嘉隆七年改爲鍾置鎭守。,"[""[[854, 0], [960, 0], [960, 1761], [854, 1761]]"", ""[[633, 0], [767, 0], [767, 1761], [633, 1761]]"", ""[[534, 0], [633, 0], [633, 1761], [534, 1761]]""]"
Q10_3_010,明命七年復爲富安府，置知府，十二年改爲綏安府屬平定統轄，十三年分轄陞爲富安省，設布按二司隸平富總督統轄，嗣德六年改爲道，置管道一，文書冊籍冠以平定省，十二年增置宣撫使十六年。,"[""[[534, 0], [633, 0], [633, 1761], [534, 1761]]"", ""[[417, 0], [534, 0], [534, 1761], [417, 1761]]"", ""[[289, 0], [417, 0], [417, 1761], [289, 1761]]"", ""[[191, 0], [289, 0], [289, 1761], [191, 1761]]"", ""[[1703, 0], [1792, 0], [1792, 1744], [1703, 1744]]"", ""[[1593, 0], [1675, 0], [1675, 1744], [1593, 1744]]""]"
Q10_4_011,省宣撫置正副管道各一，二十九年復爲省，置布按二司，統轄如故。,"[""[[1593, 0], [1675, 0], [1675, 1744], [1593, 1744]]"", ""[[1483, 0], [1565, 0], [1565, 1744], [1483, 1744]]""]"
Q10_4_012,成泰十三夏，司京口守生縣爲府，復析綏安、綏和、同春三府縣。,"[""[[1483, 0], [1565, 0], [1565, 1744], [1483, 1744]]"", ""[[1412, 0], [1456, 0], [1456, 1744], [1412, 1744]]"", ""[[1262, 0], [1373, 0], [1373, 1744], [1262, 1744]]""]"
Q10_4_013,上游設爲山和縣，置知縣隸綏和府。,"[""[[1262, 0], [1373, 0], [1373, 1744], [1262, 1744]]"", ""[[1151, 0], [1240, 0], [1240, 1744], [1151, 1744]]""]"
Q10_4_014,今領府二，縣二。,"[""[[1151, 0], [1240, 0], [1240, 1744], [1151, 1744]]"", ""[[1085, 0], [1151, 0], [1151, 1744], [1085, 1744]]""]"
Q10_4_015,安之於距省二十一里，東西距三十五里，一二多川，南北距四十三里，東至海十里，西里行空里行後間里，北至同春縣界十三里。,"[""[[1085, 0], [1151, 0], [1151, 1744], [1085, 1744]]"", ""[[1027, 0], [1085, 0], [1085, 1744], [1027, 1744]]"", ""[[914, 0], [974, 0], [974, 1744], [914, 1744]]"", ""[[862, 0], [914, 0], [914, 1744], [862, 1744]]""]"
Q10_4_016,原富安府，明命十二年改今名，十三年分轄置知府兼理同春，統轄綏和。,"[""[[862, 0], [914, 0], [914, 1744], [862, 1744]]"", ""[[809, 0], [862, 0], [862, 1744], [809, 1744]]"", ""[[752, 0], [809, 0], [809, 1744], [752, 1744]]""]"
Q10_4_017,嗣德六年改爲道，由道兼理，二十九年改爲省，復置知府，統轄如故。,"[""[[752, 0], [809, 0], [809, 1744], [752, 1744]]"", ""[[699, 0], [752, 0], [752, 1744], [699, 1744]]""]"
Q10_4_018,成泰十一年陞綏和縣爲府，復置同春縣知縣，摘轄內之春山，總分設爲安山、安海二總，春榮總分設爲安榮、安德二總，又摘山和縣八社村設爲安富總隸府管轄，存春臺春山上二總改摘隸干同春縣，今統轄同春領總五，社村坊六十，司三系，距省三里，東西距四十一里，南一深世登行學學間至蠻境四十里，南至綏安府界十一里，北至平定省綏福縣界三十五里。,"[""[[699, 0], [752, 0], [752, 1744], [699, 1744]]"", ""[[640, 0], [699, 0], [699, 1744], [640, 1744]]"", ""[[584, 0], [640, 0], [640, 1744], [584, 1744]]"", ""[[527, 0], [584, 0], [584, 1744], [527, 1744]]"", ""[[475, 0], [527, 0], [527, 1744], [475, 1744]]"", ""[[413, 0], [475, 0], [475, 1744], [413, 1744]]"", ""[[363, 0], [413, 0], [413, 1744], [363, 1744]]"", ""[[304, 0], [363, 0], [363, 1744], [304, 1744]]"", ""[[246, 0], [304, 0], [304, 1744], [246, 1744]]"", ""[[148, 0], [246, 0], [246, 1744], [148, 1744]]""]"
Q10_4_019,國初置，明命七年屬府兼理，嗣德六年由道兼理，成泰十一年復置知縣摘綏安府轄之春臺總分設爲春臺、春平二總，與春山上總改爲春峰總，濟務學務攝八山和縣之山春總，今安日手距省四十領總三社村。,"[""[[148, 0], [246, 0], [246, 1744], [148, 1744]]"", ""[[1736, 0], [1797, 0], [1797, 1741], [1736, 1741]]"", ""[[1681, 0], [1736, 0], [1736, 1741], [1681, 1741]]"", ""[[1626, 0], [1681, 0], [1681, 1741], [1626, 1741]]"", ""[[1518, 0], [1570, 0], [1570, 1741], [1518, 1741]]"", ""[[1463, 0], [1518, 0], [1518, 1741], [1463, 1741]]""]"
Q10_5_020,坊邑四十七卷禾府五里東西距二十九里南北距三十三里東至海四里西至山和縣界二十五里南至慶和省寧和府界二十五里北至綏安府界八里國初置明命七年屬府兼理嗣德六年由道兼理成泰十一年陞爲府置知府統轄山和縣原領總五難移勦秤十二年摘山和縣之山祥總十二社村設爲和祥總隸距省今領總六社村坊邑一百九山禾農五十八里東西距四十五里南北距四十二里東至綏安府界十五里西至蠻境三十里南至行后市務運司行濟市市院市務監市務司局務司半原殺安綏和同春縣地成泰十一年析三府縣上游諸總設爲山樂山春山祥山平四總置焉十二年摘轄內八社村插八綏安府十二社村插八綏和府見仍以原摘山祥市動建建適財定創定念為一總書名不今領總四社村坊邑四十三形勢西控蠻獠東截海疆大嶺峙其南虬蒙限其北名山則石碑王山霧馬諸山爲之表鎭名水則沱演石盤富銀諸江爲之襟帶湖潭交相前與回每口定心出學民居稍稠物力富盛亦一中要處也運春溫和夏多熱秋冬之交多雨潦天氣漸涼冬至始覺寒農務高四六七月播十一十二月收低田，四五月播，八九月收，十一十二月播來年三四月收。,"[""[[1463, 0], [1518, 0], [1518, 1741], [1463, 1741]]"", ""[[1409, 0], [1463, 0], [1463, 1741], [1409, 1741]]"", ""[[1354, 0], [1409, 0], [1409, 1741], [1354, 1741]]"", ""[[1297, 0], [1354, 0], [1354, 1741], [1297, 1741]]"", ""[[1246, 0], [1297, 0], [1297, 1741], [1246, 1741]]"", ""[[1188, 0], [1246, 0], [1246, 1741], [1188, 1741]]"", ""[[1130, 0], [1188, 0], [1188, 1741], [1130, 1741]]"", ""[[1081, 0], [1130, 0], [1130, 1741], [1081, 1741]]"", ""[[1032, 0], [1081, 0], [1081, 1741], [1032, 1741]]"", ""[[912, 0], [970, 0], [970, 1741], [912, 1741]]"", ""[[856, 0], [912, 0], [912, 1741], [856, 1741]]"", ""[[806, 0], [856, 0], [856, 1741], [806, 1741]]"", ""[[749, 0], [806, 0], [806, 1741], [749, 1741]]"", ""[[693, 0], [749, 0], [749, 1741], [693, 1741]]"", ""[[633, 0], [693, 0], [693, 1741], [633, 1741]]"", ""[[583, 0], [633, 0], [633, 1741], [583, 1741]]"", ""[[510, 0], [583, 0], [583, 1741], [510, 1741]]"", ""[[472, 0], [510, 0], [510, 1741], [472, 1741]]"", ""[[404, 0], [472, 0], [472, 1741], [404, 1741]]"", ""[[325, 0], [395, 0], [395, 1741], [325, 1741]]"", ""[[199, 0], [292, 0], [292, 1741], [199, 1741]]"", ""[[1682, 0], [1791, 0], [1791, 1748], [1682, 1748]]"", ""[[1594, 0], [1682, 0], [1682, 1748], [1594, 1748]]"", ""[[1525, 0], [1594, 0], [1594, 1748], [1525, 1748]]"", ""[[1485, 0], [1525, 0], [1525, 1748], [1485, 1748]]"", ""[[1344, 0], [1457, 0], [1457, 1748], [1344, 1748]]"", ""[[1128, 0], [1238, 0], [1238, 1748], [1128, 1748]]"", ""[[1047, 0], [1128, 0], [1128, 1748], [1047, 1748]]"", ""[[875, 0], [956, 0], [956, 1748], [875, 1748]]"", ""[[765, 0], [854, 0], [854, 1748], [765, 1748]]""]"
Q10_6_021,秋或嗇雨，高田早，低田晚，夏或嗇雨，低田早，高田晚。,"[""[[765, 0], [854, 0], [854, 1748], [765, 1748]]"", ""[[627, 0], [744, 0], [744, 1748], [627, 1748]]""]"
Q10_6_022,山堰水車隨地灌漑，歲非大稔亦得中熟。,"[""[[627, 0], [744, 0], [744, 1748], [627, 1748]]"", ""[[541, 0], [627, 0], [627, 1748], [541, 1748]]""]"
Q10_6_023,田家常瞻雲星為候定志，見平惟近山者稍有嵐氣耳。,"[""[[541, 0], [627, 0], [627, 1748], [541, 1748]]"", ""[[429, 0], [511, 0], [511, 1748], [429, 1748]]""]"
Q10_6_024,四民常業，士之從學者少，惟農功稍為得力，雖山林窮僻亦有小小田莊可見。,"[""[[200, 0], [321, 0], [321, 1748], [200, 1748]]"", ""[[1672, 0], [1785, 0], [1785, 1744], [1672, 1744]]""]"
Q10_7_025,地無遺利，商賣亦多有之。,"[""[[1672, 0], [1785, 0], [1785, 1744], [1672, 1744]]"", ""[[1588, 0], [1672, 0], [1672, 1744], [1588, 1744]]""]"
Q10_7_026,沿山則撞載鹽上蠻胷易，沿海多造竹板船，越海行商，百工器用則甚粗拙。,"[""[[1588, 0], [1672, 0], [1672, 1744], [1588, 1744]]"", ""[[1480, 0], [1588, 0], [1588, 1744], [1480, 1744]]"", ""[[1371, 0], [1451, 0], [1451, 1744], [1371, 1744]]""]"
Q10_7_027,民俗樸厚，喪祭亦簡，遇有祈報，多設俳優演劇酬酢往來，率多浪費。,"[""[[1371, 0], [1451, 0], [1451, 1744], [1371, 1744]]"", ""[[1257, 0], [1342, 0], [1342, 1744], [1257, 1744]]""]"
Q10_7_028,男則尋櫛插頭，女則銀釧環頸，娶妻則出贅，故民居寓貫與正貫參錯焉。,"[""[[1257, 0], [1342, 0], [1342, 1744], [1257, 1744]]"", ""[[1149, 0], [1257, 0], [1257, 1744], [1149, 1744]]"", ""[[1047, 0], [1149, 0], [1149, 1744], [1047, 1744]]""]"
Q10_7_029,至於歲辰節例與平定略同，惟行用發市，全經後校學定房司墳墓多用石灰微有異耳。,"[""[[1047, 0], [1149, 0], [1149, 1744], [1047, 1744]]"", ""[[957, 0], [1047, 0], [1047, 1744], [957, 1744]]"", ""[[846, 0], [957, 0], [957, 1744], [846, 1744]]""]"
Q10_7_030,若夫上游諸蠻肩遞年正月射牛祈年，謂之環柱禮，臘節冊出一豬會於蠻長行禮，謂之洗頭禮，此則蠻獠之遺風也。,"[""[[846, 0], [957, 0], [957, 1744], [846, 1744]]"", ""[[736, 0], [846, 0], [846, 1744], [736, 1744]]"", ""[[624, 0], [736, 0], [736, 1744], [624, 1744]]"", ""[[540, 0], [624, 0], [624, 1744], [540, 1744]]""]"
Q10_7_031,城池翁成在同春縣平隆村，柴籬無有，濠畔周圍名去二千二百十丈，原在綏安府春臺龍淵二村，地分成泰安之守立在原省城之內，安十一年移焉。,"[""[[439, 0], [540, 0], [540, 1744], [439, 1744]]"", ""[[357, 0], [439, 0], [439, 1744], [357, 1744]]"", ""[[298, 0], [357, 0], [357, 1744], [298, 1744]]"", ""[[242, 0], [298, 0], [298, 1744], [242, 1744]]"", ""[[149, 0], [242, 0], [242, 1744], [149, 1744]]""]"
Q10_7_032,下系多月不土村，周圍土壘長無蒙半下事書在靜能村竹籬，縣治設在東福村，同春縣莅長四百四十尺在寬厚村，周圍學校年設下壽十山。,"[""[[149, 0], [242, 0], [242, 1744], [149, 1744]]"", ""[[1679, 0], [1772, 0], [1772, 1751], [1679, 1751]]"", ""[[1557, 0], [1650, 0], [1650, 1751], [1557, 1751]]"", ""[[1369, 0], [1557, 0], [1557, 1751], [1369, 1751]]""]"
Q10_8_033,和縣莅長二百六十尺在拱山村周圍上省學淵村，成泰十一年移焉剛在綏安府安土村，舊在龍救安府學，在學好拱會富村山寸十一年設。,"[""[[1369, 0], [1557, 0], [1557, 1751], [1369, 1751]]"", ""[[1223, 0], [1369, 0], [1369, 1751], [1223, 1751]]"", ""[[1053, 0], [1223, 0], [1223, 1751], [1053, 1751]]""]"
Q10_8_034,山和縣嘉隆十八年人數七千六百五十一人，嗣德年間七千八百六人，稅錢九千七百四十二貫零。,"[""[[1053, 0], [1223, 0], [1223, 1751], [1053, 1751]]"", ""[[735, 0], [893, 0], [893, 1751], [735, 1751]]"", ""[[627, 0], [735, 0], [735, 1751], [627, 1751]]"", ""[[536, 0], [627, 0], [627, 1751], [536, 1751]]""]"
Q10_8_035,成泰十年九千三百六十八人，職色免五十九兩，十一年新定搜銀正納免徭丁萬八百四十人，共銀二萬二千九百九十六元六毛。,"[""[[536, 0], [627, 0], [627, 1751], [536, 1751]]"", ""[[274, 0], [394, 0], [394, 1751], [274, 1751]]"", ""[[109, 0], [274, 0], [274, 1751], [109, 1751]]"", ""[[1693, 0], [1788, 0], [1788, 1748], [1693, 1748]]""]"
Q10_9_036,十八年丁數一萬二千五百五十四人，免徭三百三十七人，正納一萬二千二百十七人，搜銀二萬七千七十八元，又公益銀四千八百八十四元，合共銀三萬一千九百六十二元。,"[""[[1693, 0], [1788, 0], [1788, 1748], [1693, 1748]]"", ""[[1577, 0], [1693, 0], [1693, 1748], [1577, 1748]]"", ""[[1465, 0], [1577, 0], [1577, 1748], [1465, 1748]]"", ""[[1353, 0], [1465, 0], [1465, 1748], [1353, 1748]]""]"
Q10_9_037,琵田嘉隆嗣德年閒原數田土二萬七千九百六十三畝零，徵粟一萬四千六百二十斛，錢一萬三千七百八十六貫。,"[""[[1246, 0], [1312, 0], [1312, 1748], [1246, 1748]]"", ""[[1148, 0], [1246, 0], [1246, 1748], [1148, 1748]]"", ""[[1045, 0], [1148, 0], [1148, 1748], [1045, 1748]]"", ""[[869, 0], [958, 0], [958, 1748], [869, 1748]]""]"
Q10_9_038,成泰十年田土三萬二千四百二十八畝七高零，徵粟一萬四千八石八十斛零，錢一萬七千五百二貫零。,"[""[[869, 0], [958, 0], [958, 1748], [869, 1748]]"", ""[[757, 0], [869, 0], [869, 1748], [757, 1748]]"", ""[[647, 0], [757, 0], [757, 1748], [647, 1748]]""]"
Q10_9_039,十一年新定稅銀田土共七萬二千二百六十六畝七高，銀共四萬六千五百三十九元三毛。,"[""[[647, 0], [757, 0], [757, 1748], [647, 1748]]"", ""[[530, 0], [647, 0], [647, 1748], [530, 1748]]"", ""[[410, 0], [530, 0], [530, 1748], [410, 1748]]"", ""[[303, 0], [410, 0], [410, 1748], [303, 1748]]""]"
Q10_9_040,十八年田土十三萬六千八百三十二畝，銀稅八萬三千五百八十八元，又附納百分之六銀四千八元，合共銀八萬七千五百九十六元零二。,"[""[[303, 0], [410, 0], [410, 1748], [303, 1748]]"", ""[[202, 0], [303, 0], [303, 1748], [202, 1748]]"", ""[[1706, 0], [1789, 0], [1789, 1744], [1706, 1744]]"", ""[[1560, 0], [1671, 0], [1671, 1744], [1560, 1744]]"", ""[[1493, 0], [1560, 0], [1560, 1744], [1493, 1744]]""]"
Q10_10_041,正大貢在綏和府亦東。,"[""[[1493, 0], [1560, 0], [1560, 1744], [1493, 1744]]"", ""[[1411, 0], [1493, 0], [1493, 1744], [1411, 1744]]""]"
Q10_10_042,南乃富安慶和分界，富和站在焉脈，從主山來東際，海南有大溪。,"[""[[1411, 0], [1493, 0], [1493, 1744], [1411, 1744]]"", ""[[1358, 0], [1411, 0], [1411, 1744], [1358, 1744]]"", ""[[1303, 0], [1358, 0], [1358, 1744], [1303, 1744]]""]"
Q10_10_043,國朝中興初大軍援，延慶命宋曰福守大嶺，卽此。,"[""[[1303, 0], [1358, 0], [1358, 1744], [1303, 1744]]"", ""[[1247, 0], [1303, 0], [1303, 1744], [1247, 1744]]""]"
Q10_10_044,明命七年勒其形於宣鼎，嗣德六年列在祀典。,"[""[[1247, 0], [1303, 0], [1303, 1744], [1247, 1744]]"", ""[[1196, 0], [1247, 0], [1247, 1744], [1196, 1744]]""]"
Q10_10_045,按唐書環王傳，林邑王奔沱浪州南大浦，有五銅柱山，西偏重岩，東崖際海，馬援所植也。,"[""[[1196, 0], [1247, 0], [1247, 1744], [1196, 1744]]"", ""[[1136, 0], [1196, 0], [1196, 1744], [1136, 1744]]"", ""[[1079, 0], [1136, 0], [1136, 1744], [1079, 1744]]""]"
Q10_10_046,據此，大嶺即銅柱山。,"[""[[1079, 0], [1136, 0], [1136, 1744], [1079, 1744]]""]"
Q10_10_047,但攷口皮馬援傳未嘗到此，後人附會之詞耳。,"[""[[1079, 0], [1136, 0], [1136, 1744], [1079, 1744]]"", ""[[1030, 0], [1079, 0], [1079, 1744], [1030, 1744]]""]"
Q10_10_048,方之道在府南，半屬慶和省界，北為岑楊嶺，舊有屯守，國朝中興初賊將陳光耀圍延慶，大軍赴援，耀從茹嶺奔歸仁，即此。,"[""[[1030, 0], [1079, 0], [1079, 1744], [1030, 1744]]"", ""[[911, 0], [973, 0], [973, 1744], [911, 1744]]"", ""[[862, 0], [911, 0], [911, 1744], [862, 1744]]"", ""[[807, 0], [862, 0], [862, 1744], [807, 1744]]""]"
Q10_10_049,又有館崗嶺在北，驛路在焉，有旭援嶺在南，相近有胡城石碑山在府東南。,"[""[[807, 0], [862, 0], [862, 1744], [807, 1744]]"", ""[[741, 0], [807, 0], [807, 1744], [741, 1744]]"", ""[[657, 0], [741, 0], [741, 1744], [657, 1744]]""]"
Q10_10_050,國初睿尊辛卯六年雷震山石盡白，遠望之如石灰然，命官禱之，山多惡獸，人跡罕到。,"[""[[657, 0], [741, 0], [741, 1744], [657, 1744]]"", ""[[580, 0], [657, 0], [657, 1744], [580, 1744]]"", ""[[523, 0], [580, 0], [580, 1744], [523, 1744]]""]"
Q10_10_051,按陳公憲水陸程志云，山有一支至海，分爲二水，草木亦分，有一大石頭向東如人形，昔黎聖尊征占過此，喟然嘆曰天地開闢已分境土，彼過天故愛天禍，因刻字於石上。,"[""[[523, 0], [580, 0], [580, 1744], [523, 1744]]"", ""[[466, 0], [523, 0], [523, 1744], [466, 1744]]"", ""[[413, 0], [466, 0], [466, 1744], [413, 1744]]"", ""[[357, 0], [413, 0], [413, 1744], [357, 1744]]"", ""[[297, 0], [357, 0], [357, 1744], [297, 1744]]""]"
Q10_10_052,黎光定地輿志云，聖尊南征拓地至此於山巔峭壁磨崖刻三字，與占城分界，今存，但字剥落不可辨。,"[""[[297, 0], [357, 0], [357, 1744], [297, 1744]]"", ""[[242, 0], [297, 0], [297, 1744], [242, 1744]]"", ""[[181, 0], [242, 0], [242, 1744], [181, 1744]]""]"
Q10_10_053,三上在府西南，極高峻，壁立千仞，府之諸山從此一發脉。,"[""[[181, 0], [242, 0], [242, 1744], [181, 1744]]"", ""[[1744, 0], [1802, 0], [1802, 1744], [1744, 1744]]"", ""[[1687, 0], [1744, 0], [1744, 1744], [1687, 1744]]""]"
Q10_11_054,南有屯槽山，北接蠻境，又有景城山在其東南，蓮池山在其西。,"[""[[1687, 0], [1744, 0], [1744, 1744], [1687, 1744]]"", ""[[1631, 0], [1687, 0], [1687, 1744], [1631, 1744]]""]"
Q10_11_055,答在府治東寶北山麓，有池產蓮，故名玉塔村。,"[""[[1631, 0], [1687, 0], [1687, 1744], [1631, 1744]]"", ""[[1578, 0], [1631, 0], [1631, 1744], [1578, 1744]]""]"
Q10_11_056,山有古一塔，故名。,"[""[[1578, 0], [1631, 0], [1631, 1744], [1578, 1744]]"", ""[[1526, 0], [1578, 0], [1578, 1744], [1526, 1744]]""]"
Q10_11_057,又有禁山，在府南，川貴在府南，一一北達雲和山，南連魯紂山，言處句名艱難嶺，亦爲富安慶和分界。,"[""[[1526, 0], [1578, 0], [1578, 1744], [1526, 1744]]"", ""[[1470, 0], [1526, 0], [1526, 1744], [1470, 1744]]"", ""[[1415, 0], [1470, 0], [1470, 1744], [1415, 1744]]""]"
Q10_11_058,山路險阻，故名國朝申興初大軍援，延慶遣督將武文諒屯此，截賊歸路。,"[""[[1415, 0], [1470, 0], [1470, 1744], [1415, 1744]]"", ""[[1355, 0], [1415, 0], [1415, 1744], [1355, 1744]]"", ""[[1302, 0], [1355, 0], [1355, 1744], [1302, 1744]]""]"
Q10_11_059,近有湖山，成在山和縣西北，舊是石盤江發源處。,"[""[[1302, 0], [1355, 0], [1355, 1744], [1302, 1744]]"", ""[[1251, 0], [1302, 0], [1302, 1744], [1251, 1744]]""]"
Q10_11_060,去山有守所，國朝中興初大軍援，延慶遣督將校進萬，據石城山，即此。,"[""[[1251, 0], [1302, 0], [1302, 1744], [1251, 1744]]"", ""[[1190, 0], [1251, 0], [1251, 1744], [1190, 1744]]"", ""[[1138, 0], [1190, 0], [1190, 1744], [1138, 1744]]""]"
Q10_11_061,南有福山，舊有屯守，是沱江發源處。,"[""[[1138, 0], [1190, 0], [1190, 1744], [1138, 1744]]""]"
Q10_11_062,乙辰在同春縣北，跡半嶺以北屬平定市。,"[""[[1086, 0], [1138, 0], [1138, 1744], [1086, 1744]]"", ""[[1025, 0], [1086, 0], [1086, 1744], [1025, 1744]]""]"
Q10_11_063,省柳有房務管堂濟房山東有雄山，北有跪山，南有瓊山，山巒重疊，最爲險要。,"[""[[1025, 0], [1086, 0], [1086, 1744], [1025, 1744]]"", ""[[912, 0], [976, 0], [976, 1744], [912, 1744]]"", ""[[860, 0], [912, 0], [912, 1744], [860, 1744]]""]"
Q10_11_064,壬寅中興初大軍援歸仁右軍院黃德率兵屯虬蒙討賊，卽此。,"[""[[860, 0], [912, 0], [912, 1744], [860, 1744]]"", ""[[806, 0], [860, 0], [860, 1744], [806, 1744]]""]"
Q10_11_065,又有標嶺，亦接一平定省界蠻再居焉。,"[""[[806, 0], [860, 0], [860, 1744], [806, 1744]]"", ""[[750, 0], [806, 0], [806, 1744], [750, 1744]]""]"
Q10_11_066,又有富穀山，在縣西，一名虎山，形如伏虎，西在縣北極高峻。,"[""[[750, 0], [806, 0], [806, 1744], [750, 1744]]"", ""[[691, 0], [750, 0], [750, 1744], [691, 1744]]""]"
Q10_11_067,市堂務，務務務務房務司，房務堂，房務房務司山在縣西南落出二峰貢，在縣西，舊有一名屯崗，一名鍾崗，不屯守河濰源交易場在焉，乃羅台江發源處。,"[""[[639, 0], [691, 0], [691, 1744], [639, 1744]]"", ""[[582, 0], [639, 0], [639, 1744], [582, 1744]]"", ""[[527, 0], [582, 0], [582, 1744], [527, 1744]]"", ""[[466, 0], [527, 0], [527, 1744], [466, 1744]]""]"
Q10_11_068,國朝中興初大軍征歸仁，東宮景步兵從河茅賊堡過此，從臣賦詩有嶺樹籠佳言，在縣南自市后院堂房—号司岡巒連亙，村居錯落。,"[""[[466, 0], [527, 0], [527, 1744], [466, 1744]]"", ""[[409, 0], [466, 0], [466, 1744], [409, 1744]]"", ""[[354, 0], [409, 0], [409, 1744], [354, 1744]]"", ""[[299, 0], [354, 0], [354, 1744], [299, 1744]]"", ""[[237, 0], [299, 0], [299, 1744], [237, 1744]]""]"
Q10_11_069,山下有溪，溪上產據樹，常採充貢。,"[""[[237, 0], [299, 0], [299, 1744], [237, 1744]]"", ""[[182, 0], [237, 0], [237, 1744], [182, 1744]]""]"
Q10_11_070,山南舊有屯守，乃驛路經過處。,"[""[[182, 0], [237, 0], [237, 1744], [182, 1744]]""]"
Q10_12_071,睿尊乙未初宋福洽攻歸仁屯兵于此，相近富奚山有尋喜。,"[""[[1737, 0], [1803, 0], [1803, 1748], [1737, 1748]]"", ""[[1691, 0], [1737, 0], [1737, 1748], [1691, 1748]]""]"
Q10_12_072,山東南落出一峰號香峰。,"[""[[1691, 0], [1737, 0], [1737, 1748], [1691, 1748]]""]"
Q10_12_073,在縣北富溪站，在焉西山，數十里盈也。,"[""[[1633, 0], [1691, 0], [1691, 1748], [1633, 1748]]""]"
Q10_12_074,山在行理學行，行理常行與務安府耶西富成社接河濰源。,"[""[[1633, 0], [1691, 0], [1691, 1748], [1633, 1748]]"", ""[[1581, 0], [1633, 0], [1633, 1748], [1581, 1748]]"", ""[[1522, 0], [1581, 0], [1581, 1748], [1522, 1748]]""]"
Q10_12_075,山東有石盤中，有孔湧出熱水，號酒爐。,"[""[[1522, 0], [1581, 0], [1581, 1748], [1522, 1748]]"", ""[[1467, 0], [1522, 0], [1522, 1748], [1467, 1748]]""]"
Q10_12_076,旁有方塘可數畝，號油爐。,"[""[[1467, 0], [1522, 0], [1522, 1748], [1467, 1748]]"", ""[[1414, 0], [1467, 0], [1467, 1748], [1414, 1748]]""]"
Q10_12_077,經旱不竭，有來在府南國朝中古廟，歲旱禱卽應身興初功臣朱文接起義旗于此。,"[""[[1414, 0], [1467, 0], [1467, 1748], [1414, 1748]]"", ""[[1361, 0], [1414, 0], [1414, 1748], [1361, 1748]]"", ""[[1304, 0], [1361, 0], [1361, 1748], [1304, 1748]]""]"
Q10_12_078,相近有石象山，又有雲和山，在府西南朱文接家山也。,"[""[[1304, 0], [1361, 0], [1361, 1748], [1304, 1748]]"", ""[[1245, 0], [1304, 0], [1304, 1748], [1245, 1748]]""]"
Q10_12_079,又有要囚山在府南山，南有山東有石樓山，在府東南枕山，相近有富東山龍山月卜海山，多石磴磴上有寺相之有在綏和府西南上，有溪近有執蘇山，山名濁溪西近氏犢山，山南有溪名崖與在同春縣北虬蒙海兒中錫爐溪盤漢此周圍二百丈，出水九丈外為海口羣山拱之中興初維與在綏一世祖高皇帝駐驛于此，大定後建表忠祠。,"[""[[1245, 0], [1304, 0], [1304, 1748], [1245, 1748]]"", ""[[1193, 0], [1245, 0], [1245, 1748], [1193, 1748]]"", ""[[1139, 0], [1193, 0], [1193, 1748], [1139, 1748]]"", ""[[1084, 0], [1139, 0], [1139, 1748], [1084, 1748]]"", ""[[1028, 0], [1084, 0], [1084, 1748], [1028, 1748]]"", ""[[915, 0], [975, 0], [975, 1748], [915, 1748]]"", ""[[860, 0], [915, 0], [915, 1748], [860, 1748]]"", ""[[811, 0], [860, 0], [860, 1748], [811, 1748]]"", ""[[747, 0], [811, 0], [811, 1748], [747, 1748]]""]"
Q10_12_080,漢山和府海外島山，山上有大石刻雲幾在同春縣一難字，不知何代所刻力召東南有嶺澳北有磧沱，相近有之在綏安府那南青州嶼俗名劬注之一名沱浪江，源出福山西蠻同中東流為石捍江雄名折而南至石城社南有香山江源出平安山東北流二里許來八之，又轉而東至寶塔村有寶塔江源出富穀山來八之，又東流十六里放于沱演海口。,"[""[[747, 0], [811, 0], [811, 1748], [747, 1748]]"", ""[[696, 0], [747, 0], [747, 1748], [696, 1748]]"", ""[[640, 0], [696, 0], [696, 1748], [640, 1748]]"", ""[[584, 0], [640, 0], [640, 1748], [584, 1748]]"", ""[[526, 0], [584, 0], [584, 1748], [526, 1748]]"", ""[[466, 0], [526, 0], [526, 1748], [466, 1748]]"", ""[[415, 0], [466, 0], [466, 1748], [415, 1748]]"", ""[[355, 0], [415, 0], [415, 1748], [355, 1748]]"", ""[[299, 0], [355, 0], [355, 1748], [299, 1748]]"", ""[[245, 0], [299, 0], [299, 1748], [245, 1748]]""]"
Q10_12_081,此江廣一百三十三丈中多洲渚。,"[""[[245, 0], [299, 0], [299, 1748], [245, 1748]]"", ""[[182, 0], [245, 0], [245, 1748], [182, 1748]]""]"
Q10_12_082,嘉隆初列在祀典。,"[""[[182, 0], [245, 0], [245, 1748], [182, 1748]]""]"
Q10_12_083,按唐書環王傳，林邑南奔沱浪州，即此申興初塟工在府南。,"[""[[182, 0], [245, 0], [245, 1748], [182, 1748]]"", ""[[1741, 0], [1806, 0], [1806, 1744], [1741, 1744]]""]"
Q10_13_084,武文諒斬賊將都督鳳。,"[""[[1691, 0], [1741, 0], [1741, 1744], [1691, 1744]]""]"
Q10_13_085,於此卷不源二一出平順省庸占山北流合楊江，繞吸吸山東徑流至林淵正西，南流至會安村一出富美山東流折而北至會安村而合為會安三岐江。,"[""[[1691, 0], [1741, 0], [1741, 1744], [1691, 1744]]"", ""[[1634, 0], [1691, 0], [1691, 1744], [1634, 1744]]"", ""[[1577, 0], [1634, 0], [1634, 1744], [1577, 1744]]"", ""[[1524, 0], [1577, 0], [1577, 1744], [1524, 1744]]"", ""[[1467, 0], [1524, 0], [1524, 1744], [1467, 1744]]""]"
Q10_13_086,又東流三十里放于沱濃海口。,"[""[[1467, 0], [1524, 0], [1524, 1744], [1467, 1744]]""]"
Q10_13_087,江有鯉魚常為民患。,"[""[[1467, 0], [1524, 0], [1524, 1744], [1467, 1744]]"", ""[[1410, 0], [1467, 0], [1467, 1744], [1410, 1744]]""]"
Q10_13_088,明命五年詔捕獲者給賞。,"[""[[1410, 0], [1467, 0], [1467, 1744], [1410, 1744]]""]"
Q10_13_089,按阮薦地輿志，潘定江接懷仁府界有水鄉三羣翻尾擊人船，波濤淘湧。,"[""[[1410, 0], [1467, 0], [1467, 1744], [1410, 1744]]"", ""[[1355, 0], [1410, 0], [1410, 1744], [1355, 1744]]"", ""[[1304, 0], [1355, 0], [1355, 1744], [1304, 1744]]""]"
Q10_13_090,李常傑征占至此不利涉，乃請封為効順三神。,"[""[[1304, 0], [1355, 0], [1355, 1744], [1304, 1744]]"", ""[[1243, 0], [1304, 0], [1304, 1744], [1243, 1744]]""]"
Q10_13_091,三獅浮江出聽，由是師行無礙。,"[""[[1243, 0], [1304, 0], [1304, 1744], [1243, 1744]]"", ""[[1189, 0], [1243, 0], [1243, 1744], [1189, 1744]]""]"
Q10_13_092,潘書艮工在綏安府南富美銀業衛居遠市具業員別一名榔木江。,"[""[[1189, 0], [1243, 0], [1243, 1744], [1189, 1744]]"", ""[[1141, 0], [1189, 0], [1189, 1744], [1141, 1744]]"", ""[[1085, 0], [1141, 0], [1141, 1744], [1085, 1744]]""]"
Q10_13_093,江源三一出蠻崗中東流八縣界一出雲竹山北一出石嶺東南俱至府西合為羅台江。,"[""[[1085, 0], [1141, 0], [1141, 1744], [1085, 1744]]"", ""[[1025, 0], [1085, 0], [1085, 1744], [1025, 1744]]"", ""[[910, 0], [975, 0], [975, 1744], [910, 1744]]""]"
Q10_13_094,又東流至富美社為富銀江。,"[""[[910, 0], [975, 0], [975, 1744], [910, 1744]]""]"
Q10_13_095,有溪自安山西北八之又南流分為三一南流九里至河清潭，又五里八于富山海兒一東流九里爲山樣江一東流九里至河伯潭俱八于春臺金工在同春縣那北俗名瀧林源一海口同三之出平隆山東流九里八泳淋一海家年見在縣北虬蒙山東周廻九十里一口出豈沒沙渚廻環中多雋嶼表忠祠在一焉又有虬蒙潭亦在虬蒙亦每已在縣東一山南鹽場村，俗號泳鰈污洲。,"[""[[910, 0], [975, 0], [975, 1744], [910, 1744]]"", ""[[857, 0], [910, 0], [910, 1744], [857, 1744]]"", ""[[804, 0], [857, 0], [857, 1744], [804, 1744]]"", ""[[746, 0], [804, 0], [804, 1744], [746, 1744]]"", ""[[688, 0], [746, 0], [746, 1744], [688, 1744]]"", ""[[634, 0], [688, 0], [688, 1744], [634, 1744]]"", ""[[580, 0], [634, 0], [634, 1744], [580, 1744]]"", ""[[521, 0], [580, 0], [580, 1744], [521, 1744]]"", ""[[465, 0], [521, 0], [521, 1744], [465, 1744]]"", ""[[411, 0], [465, 0], [465, 1744], [411, 1744]]""]"
Q10_13_096,法北有同一崢山，東有燕島，又有館廚海兒象臺，每見在一，在泳淋東申有一島名丸工安府東北際海，相近有羅澳使書山，每見在澳嘲澳，一名坊鉤潭，在僊舟村府東富山村八於富山海口，一名烏鸞潭道，每朔在綏和府南石碑山麓，周廻一百二十法治丈，橫十三丈，湖邊有天依祠在焉，北注沱濃江，八於海湖水深泥淆，在沱演之不濁，中多鱷魚，其性稍馴子省淵江上流淵上多孔一百落奚在同春縣南，四面皆山，中雀故名，有溪水出焉，注安美江，東安覃舊名東安瀝，明命年間改，又有清津潭，皆在縣轄，有燕山潭在海外，舊名執燕，明命年言金賈在同春縣隆山東，俗名間改，今名泡銑，又有清江潭在縣行里市片市務房務新質南，俗名烏鸞，相近有錦玉潭福仝潭石山潭洋皆在縣轄，又有波靈潭靈峰潭雲峰潭皆在上调安業改成在綏和府同安業社，沱演江北周多古去一千四百丈，相傳占人築，俗名胡X城國初梁文政戎上峯在府東寶塔山拔之，今遺址猶存，出土上高四丈，望之聳然，相傳占城王后死塟於其下，前有主鉄山祠調文廟啟廟均在會信村，舊在銀山社成泰十年其原廟為安文又有綴和府文廟在錦山村成泰十五年書內網士私捐構立又同春縣文廟在朝山村行市衛行務與司務創務堂司務衛務堂育務務務府龍淵村除山在福履村原行行行行行行隆元年建嗣德四年改今名芳梁郡公祠名和府鳳祥社祀前鎮營參將加贈上等神梁郡公文政稔著靈應歲有嗇雨祈禱輒應國博屢加天依神同在綏和府治之南大嶺山現交民交園司演王妃加贈上等神稔著靈應又別祠在司卷靈慈山之北一在富殿山之南國朝履加封贈事而書申司在綏和石象山之理行有有務行有育務理有育管堂堂定深理理程持杖前來指示陣勢問其名號自稱師鸞將軍覺而記之及對伏依如夢中布陣提還立堂夫人相傳神是黎聖尊之友鉄婆神祠府在深情台東寶塔山上祀上損主鉄婆之神稔著靈應國朝屢加封贈寺觀王司春系下矣安寸龍山上不知何務創吾生持于此詳人物志間頗稱幽致鄉人阮覺靈光寺不知何代所在春臺山上有務管務學行務質務有務司覺重修景致幽雅有碑記焉F台之東寶在同春縣順安社東作孫務務學務育務行務司務學市務務学司今廢在司春縣西富成社，舊有交易場及黑X河濰源守所在焉。,"[""[[411, 0], [465, 0], [465, 1744], [411, 1744]]"", ""[[351, 0], [411, 0], [411, 1744], [351, 1744]]"", ""[[299, 0], [351, 0], [351, 1744], [299, 1744]]"", ""[[238, 0], [299, 0], [299, 1744], [238, 1744]]"", ""[[181, 0], [238, 0], [238, 1744], [181, 1744]]"", ""[[1748, 0], [1803, 0], [1803, 1751], [1748, 1751]]"", ""[[1670, 0], [1748, 0], [1748, 1751], [1670, 1751]]"", ""[[1601, 0], [1670, 0], [1670, 1751], [1601, 1751]]"", ""[[1524, 0], [1601, 0], [1601, 1751], [1524, 1751]]"", ""[[1464, 0], [1524, 0], [1524, 1751], [1464, 1751]]"", ""[[1415, 0], [1464, 0], [1464, 1751], [1415, 1751]]"", ""[[1359, 0], [1415, 0], [1415, 1751], [1359, 1751]]"", ""[[1299, 0], [1359, 0], [1359, 1751], [1299, 1751]]"", ""[[1249, 0], [1299, 0], [1299, 1751], [1249, 1751]]"", ""[[1189, 0], [1249, 0], [1249, 1751], [1189, 1751]]"", ""[[1131, 0], [1189, 0], [1189, 1751], [1131, 1751]]"", ""[[1077, 0], [1131, 0], [1131, 1751], [1077, 1751]]"", ""[[1029, 0], [1077, 0], [1077, 1751], [1029, 1751]]"", ""[[971, 0], [1029, 0], [1029, 1751], [971, 1751]]"", ""[[912, 0], [971, 0], [971, 1751], [912, 1751]]"", ""[[805, 0], [912, 0], [912, 1751], [805, 1751]]"", ""[[659, 0], [729, 0], [729, 1751], [659, 1751]]"", ""[[574, 0], [659, 0], [659, 1751], [574, 1751]]"", ""[[518, 0], [574, 0], [574, 1751], [518, 1751]]"", ""[[462, 0], [518, 0], [518, 1751], [462, 1751]]"", ""[[407, 0], [462, 0], [462, 1751], [407, 1751]]"", ""[[352, 0], [407, 0], [407, 1751], [352, 1751]]"", ""[[276, 0], [352, 0], [352, 1751], [276, 1751]]"", ""[[1740, 0], [1806, 0], [1806, 1764], [1740, 1764]]"", ""[[1694, 0], [1740, 0], [1740, 1764], [1694, 1764]]"", ""[[1639, 0], [1694, 0], [1694, 1764], [1639, 1764]]"", ""[[1581, 0], [1639, 0], [1639, 1764], [1581, 1764]]"", ""[[1535, 0], [1581, 0], [1581, 1764], [1535, 1764]]"", ""[[1471, 0], [1535, 0], [1535, 1764], [1471, 1764]]"", ""[[1348, 0], [1471, 0], [1471, 1764], [1348, 1764]]"", ""[[1293, 0], [1348, 0], [1348, 1764], [1293, 1764]]"", ""[[1251, 0], [1293, 0], [1293, 1764], [1251, 1764]]"", ""[[1029, 0], [1105, 0], [1105, 1764], [1029, 1764]]"", ""[[911, 0], [973, 0], [973, 1764], [911, 1764]]"", ""[[855, 0], [911, 0], [911, 1764], [855, 1764]]"", ""[[792, 0], [855, 0], [855, 1764], [792, 1764]]"", ""[[752, 0], [792, 0], [792, 1764], [752, 1764]]"", ""[[685, 0], [752, 0], [752, 1764], [685, 1764]]"", ""[[635, 0], [685, 0], [685, 1764], [635, 1764]]"", ""[[577, 0], [635, 0], [635, 1764], [577, 1764]]"", ""[[526, 0], [577, 0], [577, 1764], [526, 1764]]"", ""[[463, 0], [526, 0], [526, 1764], [463, 1764]]"", ""[[406, 0], [463, 0], [463, 1764], [406, 1764]]"", ""[[347, 0], [406, 0], [406, 1764], [347, 1764]]"", ""[[286, 0], [347, 0], [347, 1764], [286, 1764]]"", ""[[1733, 0], [1882, 0], [1882, 1744], [1733, 1744]]"", ""[[1691, 0], [1733, 0], [1733, 1744], [1691, 1744]]"", ""[[1635, 0], [1691, 0], [1691, 1744], [1635, 1744]]"", ""[[1544, 0], [1635, 0], [1635, 1744], [1544, 1744]]"", ""[[1436, 0], [1544, 0], [1544, 1744], [1436, 1744]]"", ""[[1251, 0], [1363, 0], [1363, 1744], [1251, 1744]]"", ""[[1188, 0], [1251, 0], [1251, 1744], [1188, 1744]]"", ""[[1139, 0], [1188, 0], [1188, 1744], [1139, 1744]]"", ""[[1091, 0], [1139, 0], [1139, 1744], [1091, 1744]]"", ""[[1041, 0], [1091, 0], [1091, 1744], [1041, 1744]]"", ""[[850, 0], [895, 0], [895, 1744], [850, 1744]]"", ""[[703, 0], [787, 0], [787, 1744], [703, 1744]]"", ""[[645, 0], [703, 0], [703, 1744], [645, 1744]]""]"
Q10_16_097,源水出山谷中，過舊城放有與務司局有有務務行路屯在富成村南，有雲竹屯在河源木明凡守承辨今省舊交易場及守所在在綏和府西石坊府焉。,"[""[[645, 0], [703, 0], [703, 1744], [645, 1744]]"", ""[[582, 0], [645, 0], [645, 1744], [582, 1744]]"", ""[[521, 0], [582, 0], [582, 1744], [521, 1744]]"", ""[[412, 0], [521, 0], [521, 1744], [412, 1744]]"", ""[[346, 0], [412, 0], [412, 1744], [346, 1744]]""]"
Q10_16_098,水出巴江，過府南八於沱虬蒙凡右作演汛，舊有汛守承辨今省市與堂即與商堂與房務。,"[""[[346, 0], [412, 0], [412, 1744], [346, 1744]]"", ""[[248, 0], [346, 0], [346, 1744], [248, 1744]]"", ""[[168, 0], [248, 0], [248, 1744], [168, 1744]]""]"
Q10_16_099,—：皇凡在綏安府僊舟村，舊名婆苔明命初改今名廣五十丈，潮漲深一丈，汐深八尺。,"[""[[168, 0], [248, 0], [248, 1744], [168, 1744]]"", ""[[1737, 0], [1802, 0], [1802, 1741], [1737, 1741]]"", ""[[1672, 0], [1737, 0], [1737, 1741], [1672, 1741]]""]"
Q10_17_100,世祖高皇帝駐驛于此，親征歸仁從臣賦詩有云閱月舟師泊小城苔岸上且休，在府兵紀其事也。,"[""[[1570, 0], [1641, 0], [1641, 1741], [1570, 1741]]"", ""[[1523, 0], [1570, 0], [1570, 1741], [1523, 1741]]"", ""[[1467, 0], [1523, 0], [1523, 1741], [1467, 1741]]""]"
Q10_17_101,舊有汛守今省山東虛局司與與務與號局務務務務司今名廣四十八丈，潮漲深二尺二寸，汐深一司濟務院務與務務與務務司新港廣二十四丈，深一丈一尺，隔舊港一千十丈之寅凡在綏和府東富鈞社，廣十五丈一零污零，潮漲深五尺，汐深四尺八寸。,"[""[[1467, 0], [1523, 0], [1523, 1741], [1467, 1741]]"", ""[[1407, 0], [1467, 0], [1467, 1741], [1407, 1741]]""]"
Q10_UNKNOWN_102,舊名沱浪國，初改今名衣木，在同春縣，舊有汛守今省設商政所污注內新盛村，廣三百十八丈，潮漲深一丈五尺，汐深一丈沉內民居傍海依山，商旅湊集，宅舍花麗甲於省轄。,[]
Q10_UNKNOWN_103,舊有汛守亡農，凡在綏和府東南富樂今省設商政所以社，廣二十八丈八尺，潮漲深四尺四寸，汐深三百山在山和縣尺五寸，舊有汛守，今省拱山村。,[]
Q10_UNKNOWN_104,明命五年設今省按福山屯。,[]
Q10_UNKNOWN_105,西有一條路達於南槃蠻，六日抵水火二國界驗站矣。,[]
Q10_UNKNOWN_106,占在同春縣下平盛村，北至平富站，二江立十四里，南至富常站，二十九里。,[]
Q10_UNKNOWN_107,嘉隆初設書嘗古在縣莅寬厚村南，書斤古在綏同官宮立，至富新站三十里。,[]
Q10_UNKNOWN_108,案立安府同富新社，南至富榮站三十里，言榮古在府初名富美，明命三年改今名榮社，南至富盛站三十里，初名富言占，在綏和名富充，明命三年改今名府同長盛村，南至富和站二十九里，初名富書口占堤，明命五年移子長盛村，改今名禾立在府南大嶺上，南至書會占新設。,[]
Q10_UNKNOWN_109,以下在山和馬站二十九里立和縣總兵村，東一至富山站，言山占在富山村，東至言參古在明子里山村，東至富言占在雲和村，東至同春書雲站，十三里日三立縣富良站，二十五里占在同春縣忠良上立村，西至富雲店里路，千里路一條自省城北經同春縣之平盛社，至富溪站二十六里，又自富溪站經石溪隆十空分了四里，一條自省城南經同春縣莅至富常站三里，又自富常站至綏安府莅二十四里，又一自府莅至富新站六里，自富新站至富榮站夾緩和府界。,[]
Q10_UNKNOWN_110,三十里又自綏和府至富盛站，三十里又自富盛站至富和站夾慶和省。,[]
Q10_UNKNOWN_111,三十里南北通長一百七十三里，關報路一條，自同春縣南至綏安府，行程約半日；一條自縣莅北至省城，約一辰；又北至虬蒙山，約一日；一條自縣莅東至泳淋海汛，約一辰；一條自驟西至蠻境，行程約一日半；一條在縣西二十里至福德社，又二里至富成社，又一里至拒富村，又五里至雲和村，自此西行達水火二國界。,[]
Q10_UNKNOWN_112,綏安府一條，自府莅南至綏和府厚澤社，約半日程；一條自府莅北經同春縣至省城，約半日程；一條自府莅東至春臺汛，行程二辰；一條自府莅西至山和縣界，約一日。,[]
Q10_UNKNOWN_113,綏和府一條，自府莅南至大嶺夾慶和省和馬站，行程約一日；一條自府莅至綏安府界，半日程；一條自府莅東至沱演海汛，行程約一辰；一條自府莅西至山和縣界，約一日程。,[]
Q10_UNKNOWN_114,山和一條小路，自縣蒞拱山村，西行三里至至坦村，又五里至繞江坊，又五里至香江坊，自此南行達于慶和省蠻冊新築大路一條，自綏安府安土村至隆淵村約一百里；一條路自山和縣以拱山村至盛業社夾綏和府長一百里；一條路自富山村至和祿村夾同春縣轄長九十里；一條自拱山村。,[]
Q10_17_115,至總兵村夾同春縣轄長一百里津渡林本 次似美材村等求次晏村來求法淵村多日於在富言曲在綏和府三月變在玉石木新村官朗月以砂富禮村三月公朗村長盛渡盛村山 村在好成盛會渡似盛會村右山和縣樂美渡美村在樂橋梁官路石橋凡二十七所年造明命木橋凡三十六所 在綏安府那銀山社地分凡三所一銀山橋所長四十五尺一所長七十尺一角一長二十富新橋分長十一尺在富新村地富盛橋村地分在長三十富豐橋分長十五尺富隆村地分一長十富恬橋分長十四尺在富恬村地和多橋地分長六在和多刺 在綏相府亦美溪社凡五所一所美溪橋長四十八尺一所長三十六尺一十五尺一所長六十尺所長十八尺一所長二富溪橋分凡五所一在富溪村地所長五十尺一所長七十尺一所長十東美一一尺一所長七十五尺一所長十人在東美社地分凡三所一所長二十尺富一橋一所長二十二尺一所長二十三尺在富林村地分凡四所一所長三十二材橋尺一所長十六尺一所長五十二尺所長十逢盛喬在同春縣亦隆盛村地分凡六尺六二所一所長三十四尺一前長三百奚喬在石溪村地文義壽在政祿村一十尺不以木分長五十尺正用未地分長三十八平在隆平村地分凡四所一所長三尺巨三未百九十尺一所長五十尺一所石橋六竇長十尺一喬在寬厚村地所長二百三十尺厚木分長三十尺朝喬在朝山村地分堤坝護成是在綏安府舊省城左後面長二百務行員型發與學務員型命九月是在同春縣亦朝山村嘉隆之年築草卜去初該隊安築以禦鹹水其美是俗名柳樹江垻春夏有今是在綏安府似築秋冬壞有津渡高舍社長四百五十七丈相傳慶和省婦人氏忠捐實築此與橋六所按此一條路沿山傍水林溪叢雜山多惡獸水有魚行者成心有義凡二十六所同年銀沙凡隆淵村以進忠村里下敷村之欽在銀方在定京方在新昏之方在美南市易 銑市隆館梓市在富富寸在豐管市妥在靜能村和府似朝市朝村在山臻市美村在福盤市在关养币盛村在美富市林体价荣市庶村似隆平村在同春縣堰拼市篇番城市政村在平泳淋市市在拱村良市爐枷市涨在四界市樂布屯山村用安永品民院院房示梁文政綏和人國初官天武衛都指揮使征占拔胡城進輔國上將軍扶義戾遷鏡營招集流民墾荒土率後其先稅著靈應贈扶郡公列上等神外文投符美一人後遷同春才力出眾僞西起誘不從方斗一合蠻兵起義旗揭梁山佐國四字由上道達嘉光定茂世祖歷官都督掌奇郡公後與西山戰失利如崔請世廟封臨洮郡公師及還與賊戰跳過賊船遇害贈郡公列祀阮龍同春縣同有望閣功歷從征伐以功授上道將軍人號龍將軍設守安山諸要害招集義勇討賊陞掌有望閣力歷營以年老請休卒于家防文大官武安支亥房有务房卫与刷局务务房院司功爲武安支隊長從征陣亡贈錦衣該隊有望閣功歷官屬內該奇管班直左正文衛衛尉辛酉年從黎文悅攻賊于平务安有务堂房园家务富发务型务理举行学学務二永渭亦有望閣功永官掌奇渭官該隊元中興初居侍候隊往順化探賊有功市明务堂房商创后安臣鎮國上將軍列元之貢出身無狡嘉隆元祀中興功臣廟原年守石城屯擒制盜賊招撫邊氓有功三年兼守沱演汛四年來覲回領職如故卒贈揚武功臣鎮國上將軍又有阮文登中興初有功官副每爻少好衛尉卒贈掌奇列祀中興功臣廟至讀書及長投軍，以功陞至掌衛。,"[""[[1407, 0], [1467, 0], [1467, 1741], [1407, 1741]]"", ""[[1356, 0], [1407, 0], [1407, 1741], [1356, 1741]]""]"
Q10_UNKNOWN_116,嗣德初出，權南義總督，條陳軍事，帝嘉之，尋授統制，參贊海安軍務，屢立戰功，進署都統掌府事，領定安總督。,[]
Q10_UNKNOWN_117,後勦匪敗績，坐奪職，効派開復掌衛，以老乞歸。,[]
Q10_17_118,孝子同春人，剛性至，卒年八十餘。,"[""[[1356, 0], [1407, 0], [1407, 1741], [1356, 1741]]""]"
Q10_UNKNOWN_119,附京孝父毋沒，居喪廬墓三年，負土成墳，事聞明命年間，給孝順可風扁額竝銀，綴子紹亦以孝聞。,[]
Q10_UNKNOWN_120,紹治年間，陽克紹孝文火事，父毋至孝，毋波廬墓三風扁額，不禾年負土成墳，其地多虎，往來墓旁，秋不動虎，終不善有至性。,[]
Q10_UNKNOWN_121,父母沒為害，嗣德元年旌鳥廬墓，三年積憂成病，人勸之回，不聽。,[]
Q10_UNKNOWN_122,元業性至孝，父病，焚香隔德十一年旌木，請以身代及父，及廬墓奉侍如生。,[]
Q10_UNKNOWN_123,廬近山，虎常往來不少避，服闋始回。,[]
Q10_UNKNOWN_124,母沒，亦如初。,[]
Q10_UNKNOWN_125,嗣德十九年旌黎文澤，綏和府人，母沒廬墓三年，回家，其父病痛不能舉動，日夜奉侍不怠，父沒，廬墓如初。,[]
Q10_UNKNOWN_126,嗣德十會澤阮覺吾名法了，同春人，那五歲投禪於龍山般若寺，精心修鍊，編木皮為衣，辟穀年行，帝嘉其苦行，賜僧綱詔，地方官修其寺。,[]
Q10_17_127,紹治三年來高关京居妙諦寺，後元戶初投禪於金剛寺，能侍京祝嘏，給以度牒，戒以病卒，年七十日三戒行，明命二十一年來菴蘿出同春縣者。,"[""[[1356, 0], [1407, 0], [1407, 1741], [1356, 1741]]""]"
Q10_UNKNOWN_128,黃竄出石城源，重出綏佳有例貢。,[]
Q10_UNKNOWN_129,弓虫舊有稅和府髭託善出同春。,[]
Q10_17_130,綏和二峯出石城河維有府縣，舊有稅蟲二源舊有稅易牙出河濰源廣匕多出石城源。,"[""[[1356, 0], [1407, 0], [1407, 1741], [1356, 1741]]""]"
Q10_UNKNOWN_131,出石別堂動別務學衛育務務民別務學務育務合香出同春樹脂可八藥。,[]
Q10_UNKNOWN_132,明命少二出石城十八年勒其形於英鼎石河維二說下源有降香沉香椅楠簪木歌那木櫺木榆木。,[]
Q10_17_133,金原民堂堂司後務民務堂局司。,"[""[[1293, 0], [1356, 0], [1356, 1741], [1293, 1741]]""]"
Q10_UNKNOWN_134,K房民局後務安務房務房局念房司牛羊鷄虎象豚熊狸縣山分並出諸沙蛤蚧海參蚌魚龜鱉江海分竝出諸縣大南一統志卷之十A夾富安省界同大南蝦江夾永大峯雲雲峯小汛日省山林夾界路 座城荏莅省官火使省府縣出口器夾寧順道界大南一統志卷之十一慶和省東西相距五十九里南北相距二百七十二里有奇自省城東至海二十一里西至山蠻崗三十八里南至寧順道安福縣界一百十七里北至富安省綏和縣界一百五十五里東南至寧順界八十九里西南至蠻崗七十一里東北至海九十一里西北至蠻同九十七里自省治北至京一千十一里貿天文翼軫分野鶉尾之次建置沿革按漢書日南之南有黃支國廣司司創民市司司黎朝黎貴惇芸臺類語引宋白語曰漢馬援討交趾南行四百餘里至林邑，又南行二百餘里至西屠夷國，即于象州立界，與西屠夷分境。,[]
Q10_UNKNOWN_135,又云西屠夷後為占城所解，後為占城地。,[]
Q10_UNKNOWN_136,黎鴻德元年聖尊親征占城，破闍槃擒占主，占將通持持走至藩籠，據其地，自稱占城王，得國五分之一。,[]
Q10_UNKNOWN_137,黎因封之以奉職貢。,[]
Q10_UNKNOWN_138,阮薦地輿志黎聖尊征占城辟地至石碑，其潘定四府以南猶爲占界。,[]
Q10_UNKNOWN_139,明史占主吏臣言古來其國土地有二十七處，四府七州二十二縣，安南取之止存自邦都郎至眞獵凡丘處耳。,[]
Q10_UNKNOWN_140,邦都郎潘籠疑即潘郎之地，今安福段志十和二轄五處，即庸諸庸針潘郎潘切潘里等慶和平順諸轄處，今屬寧順。,[]
Q10_UNKNOWN_141,本朝太宗孝哲皇帝癸巳五年，占王婆爭侵邊，命該奇雄祿伐之，占人降，因取其地，自潘郎江以東至富安界首置府二，泰康縣五，廣福新定二縣隸泰康府，福田永昌花洲三縣隸延寧府。,[]
Q10_UNKNOWN_142,英宗孝義皇帝庚午三年，改泰康府爲平康府，世宗孝武皇帝壬戌四年，改延寧府爲延慶府，又置平康營，以二府隸之。,[]
Q10_UNKNOWN_143,睿宗孝定皇帝癸巳八年，西賊竊據，迨癸丑年，世祖高皇帝收復其地，置留守該簿記錄，又築延慶城，命大臣按鎮嘉隆。,[]
Q10_UNKNOWN_144,二年改平康營爲平和營，平康府爲平和府。,[]
Q10_UNKNOWN_145,七年又改平和營爲平和鎭。,[]
Q10_UNKNOWN_146,明命十二年改平和府爲寧和府。,[]
Q10_UNKNOWN_147,十三年始分轄爲慶和省，置布按二司，隸之順慶四三巡撫，又併花洲縣于福田轄。,[]
Q10_UNKNOWN_148,同慶三年摘平順省之寧順府，安福縣竝綏豐之七社，禾多縣之二總隸焉。,[]
Q10_UNKNOWN_149,成泰十三年寧順府別置爲道，心詳見寧今領府二縣四。,[]
Q10_UNKNOWN_150,延慶府北四里東，在省城東，順道言福縣界一百十七里，北至寧和府寨貞今書隸以花洲福田永昌三縣。,[]
Q10_UNKNOWN_151,明命七年始置知府，十三年並花洲縣於福田，改今名。,[]
Q10_UNKNOWN_152,卷方法屬府，兼理統轄昌日系屬府，兼理東西距五永昌今領縣二，川日陽十七里，南北距五十四里，東至海，西至蠻同，南接永昌縣界，北夾帶房境務房瑞商商局帶適房濟務。,[]
Q10_UNKNOWN_153,後以花洲入領總六，成泰三年併上洲總七社村于中洲總，今領總五社村三十八系在府東南十一里，東西距四十二里，元焉南北距一百十六里，東至海，西至蠐崗，南至寧順道，北至福田縣界，原隸福田縣攝。,[]
Q10_UNKNOWN_154,明命十三年始置縣員隸府，統轄領總四社村口寸在省城西北七十五里，東西四十五禾斤距五十二里，南北距一百十三里，東際海，西至蠐崗，南接福田縣界，北夾富。,[]
Q10_UNKNOWN_155,安省綏和縣界本朝初拓置泰康府，又改平和府，以平和管道領之。,[]
Q10_UNKNOWN_156,明命元年省管道，設知縣，七年始置知府兼理廣福統轄。,[]
Q10_UNKNOWN_157,新定十二年改今義昌，系屬府兼理東西距五府名領縣二房黑十二里，南北距九十一七里，東至海，西至蠻崗，南接新定縣界，北夾富安省綏和縣界。,[]
Q10_UNKNOWN_158,國初新設縣名嘉隆年閒隸於平和營管道，明命元年始置知縣兼理廣福縣，七年屬寧和府兼理十三年別設縣員隸府統轄，今領總三社村七十三。,[]
Q10_UNKNOWN_159,東際大海，西控山蠻大嶺，鎭其北莊澳，達其東因地利以爲城寔天成之巨險，論攻守之便無不宜矣。,[]
Q10_UNKNOWN_160,至如名山則有三峯大田諸嶺，大川則有永安富祿諸江，今永富永安卽磴道欽崎山溪盤亘，況其重險則上之牙莊平原諸堡控禦山蠻，下之虬勳大小二汎防遏海匪島嶼縈迴帆檣湊集寔爲一方形勝之地也。,[]
Q10_UNKNOWN_161,房隆冬少寒。,[]
Q10_UNKNOWN_162,地氣多燥，其沿山居民嵐瘴獨重，易患瘟瘧之症，相似謂之溫瘧，感溫氣而瘧。,[]
Q10_UNKNOWN_163,一方又山隈限阻，故風候亦因而殊。,[]
Q10_UNKNOWN_164,故寧和常多南風，而延慶常多東風。,[]
Q10_UNKNOWN_165,春初雷發，冬仲雷止，自夏徂秋，陣雨辰行。,[]
Q10_UNKNOWN_166,秋末冬初，水潦乃降。,[]
Q10_UNKNOWN_167,其農候則十月稼者三月穫，七八月稼者十二月穫，冬季之愛同車可小與氣吏然也。,[]
Q10_UNKNOWN_168,之衣信有道者老方州人，風俗淳厖，習尙樸野，士質而寡民，儉而純。,[]
Q10_UNKNOWN_169,男用方巾纏頭，女多穿著青色。,[]
Q10_UNKNOWN_170,運載貨物則水用竹舟，陸用牛車。,[]
Q10_UNKNOWN_171,資產每尙銅鍋，常飲多用生水。,[]
Q10_UNKNOWN_172,沿海之民以攻魚爲業，沿山之民以蠶織為生。,[]
Q10_UNKNOWN_173,拔止尋常貨無巨積，元旦端陽及三元諸節禮與諸省略同。,[]
Q10_UNKNOWN_174,祀先祈福多用歌巫，婚嫁喪祭互相賙卹，然亦從省約，不甚浮奢。,[]
Q10_UNKNOWN_175,至若沿邊諸蠻則崗香崗乃純樸易治，柵遵參利性黠難馴，又在守土者之善爲撫禦耳。,[]
Q10_UNKNOWN_176,城池自成在福田縣富美長盛二社，地分四面土省去築，周圍長三百三十六丈四尺，高八尺一五寸。,[]
Q10_UNKNOWN_177,濠廣四丈，深八尺。,[]
Q10_UNKNOWN_178,城門四紹治七年初砌以磚，舊營所原在富多社地分，後移今所卽延慶府舊城也。,[]
Q10_UNKNOWN_179,按延慶府城舊爲牙莊守所，癸丑年閒大兵進討西賊於歸仁及還駐蹕延慶，相擇地利因舊堡築土城，城開。,[]
Q10_UNKNOWN_180,六門門各有樓，四角皆有土山。,[]
Q10_UNKNOWN_181,城外有濠，濠外列謇。,[]
Q10_UNKNOWN_182,城門各有吊橋，前後山川拱揖，洵稱天險。,[]
Q10_UNKNOWN_183,後省其二門，城北背長江，常爲潦水衝激。,[]
Q10_UNKNOWN_184,明命四年築堤橫截，正于今在福田縣富之，別浚港以通水道。,[]
Q10_UNKNOWN_185,爻慶月六殷社，明命十八年建包以竹籬，周長十六丈有奇。,[]
Q10_UNKNOWN_186,旨累六同慶年間新移建四面竹籬，未有濠塹，舊治原在昌河總。,[]
Q10_UNKNOWN_187,永X恬社明命十三年建包以竹籬，周長二十四文。,[]
Q10_UNKNOWN_188,嗣因事後寧口守在廣福縣福多社四，舊所殘破，面行籬離通長六十八文，原舊治亦在今所。,[]
Q10_UNKNOWN_189,明命十二年移建於永富社，土築周長五十二丈，因事後移於福河總盛茗村所之，系在協中總美盛社。,[]
Q10_UNKNOWN_190,明命後復仍舊，兼集六十三年建周長四十丈有奇，四面土築，包以竹籬。,[]
Q10_UNKNOWN_191,美盛今改美合建校學，舊爲延慶府學，在省城西門郭外。,[]
Q10_UNKNOWN_192,紹治名昌元年移於省城東門郭外，富殷社明命四年置平和督學取爲省學，十年以士敦令又移於富美社，仍設督學，其年星少裁省學，仍復爲府學，設教授嗣德十九年裁省，未有別建，富美今改富慶百七書人，延慶府學今爲省學，寧和府學之書卷三在永富社，因原府莅定縣平城社紹治五年移在府治之西永富。,[]
Q10_UNKNOWN_193,社因自受之書，下書石氣社，乃上辰言主，乃後為句府冶改移盛茗村，又移福多堂在永居社。,[]
Q10_UNKNOWN_194,事後幾安實元房學命十三年建紹，便居住同慶年閒移今所新定縣學。,[]
Q10_UNKNOWN_195,原石盛社明原在美大南一絲志卷十一，日治五年裁省慶和嘉隆年閒丁數五千餘人，嗣德年閒八千五百六十三人，成泰十年人數一萬一千二百十八人，稅錢一萬七千七百六十四貫零銀六十九兩。,[]
Q10_UNKNOWN_196,十一年新定搜銀正納壯二頃，免徭丁共一萬一千二百九十二人，銀二萬四千二百一八十五元八毫。,[]
Q10_UNKNOWN_197,十八年現各項人數一萬一十四百三十六，除職色免差在數外存免三二百六十二人，正納一七十四人萬一千一百，稅銀二萬四千六百八十七元零，又公益銀四千四百六十九元零，合共二萬九千一百五十六元。,[]
Q10_UNKNOWN_198,田賦舊額一萬二千五百九十三畝，稅粟六千五百三十九斛，稅錢一萬六千四百三十一緡。,[]
Q10_UNKNOWN_199,成泰十年田土共二萬九千一百五十四畝六高零，徵粟一萬八千五百十六斛零，稅錢一萬七千九百九貫零。,[]
Q10_UNKNOWN_200,十一年新定稅銀田土共三萬八百二十八畝七高，銀共二萬三千九百五十四元一毫八仙。,[]
Q10_UNKNOWN_201,十八年田土三萬一千二百五十九畝，畝土九。,[]
Q10_UNKNOWN_202,千七百五十丙田二萬一千五百畝九，税銀二萬四千二百八元，零又百分之六，加一千七百十元，零合共二萬五千九百十八元，零。,[]
Q10_UNKNOWN_203,馬頸山海濱西北連大嶺，形如馬頸，故名。,[]
Q10_UNKNOWN_204,有驛路經在縣西北四十七里，為慶和其下三峯山，富安二省交界處。,[]
Q10_UNKNOWN_205,山有三峯，上務務務司號務務業務務鎭，嶽國家有大典例，有賜祭。,[]
Q10_UNKNOWN_206,北六十里山勢巍業，西從大嶺而來，延亘數十里，北連石碑山，東枕海岸，又鸞轉而南障雲峯海奧，商船避山與在縣東二十六里雲峯，此常泊于此。,[]
Q10_UNKNOWN_207,盈山山澳南周七千一百二十丈，從大嶺而來，經馬頸山五里許，橫亘海岸，屹起第一嶼為永安山，又南轉第二嶼為啟涼山，第三嶼為大與橫之，在縣北二十四里。,[]
Q10_UNKNOWN_208,山脈從一寧市務堂堂建堂萬務務務堂學司，與此突起一峯，東西岡阜羅列，東落出一小山曰番梨山，俗名鴆枯枕海濱，草木茂秀險仄難三，在縣西北二十里。,[]
Q10_UNKNOWN_209,四旁岡阜錯落行美，王山垂珠名狀不一，東近有山名獨山百可，在縣東南五里多產花藤，故亦名花福泝口藤山峯巖高峻，周迴數十里，東北榷海賓，西南章斤三，在縣東北十一里，三面芽敷海口，新立有潭繞之，名曰竹潭雲峯海澳近其東，在縣西北。,[]
Q10_UNKNOWN_210,一百三里故亦名雲筆山，美山俗名全棋山，高聳插天，雲霧出焉，晚常有雨。,[]
Q10_UNKNOWN_211,床段在縣西北五，故俗有濬全棋之諺。,[]
Q10_UNKNOWN_212,篤虫十九里，舊名花山，蘇江從此發源，故名蘇蝦山。,[]
Q10_UNKNOWN_213,南書口風多從此來，故俗有臆蘇蝦之諺，在縣西北六十四里屬富如社，地分俗名祖鷂山，樹木芩蔚，多虎患，行者戒心，故俗有禦祖鶻之諺。,[]
Q10_UNKNOWN_214,今開墾司在縣西五十九里，日闢虎患漸除，大山山麓有曠野，舊爲戰塲，冤氣不散，多爲癘鬼，行人過此不敢風。,[]
Q10_UNKNOWN_215,獨行故俗有魔大同之諺，今鬼患亦漸息。,[]
Q10_17_216,夏貞在縣北一百餘里，兩旁山省相壽可貧庚命夾其中，凹下容北風吹射，故名令限全全民世务务房司在縣南六里，詳官路經其上，細石礙踟茶羅難行，西邊有主玉祠，其上有義婦祠，與在縣東南枕海岸三，與在縣東北二十傍有虖嶼龍嶼雪剛里，俗名煙岡中证市务局务房務商济质，煙岡卽其處也，明命六年改今名，每新F公务务务局定市员房民居舊有平原堡在焉之里林木岑蔚，四下皆平田，於縣東南三十四里峯其東有孤山蝮波山巒重疊，草木陰森，南夾驛路所經之處曰總怒嶺，其東爲福壘司，全山僊歌山連峯聳峙，直枕海濱，於縣南二十九里北近豐。,"[""[[1293, 0], [1356, 0], [1356, 1741], [1293, 1741]]"", ""[[1239, 0], [1293, 0], [1293, 1741], [1239, 1741]]""]"
Q10_UNKNOWN_217,盛社南近富有社，昔土蠻因此岡依山際海，乃築壘以負固。,[]
Q10_UNKNOWN_218,因嶇兩旁茂林，又多惡獸，以名之。,[]
Q10_UNKNOWN_219,石路凹凸，行徑崎赤。,[]
Q10_UNKNOWN_220,土山在縣西北，可望見大海中。,[]
Q10_UNKNOWN_221,西北接三峯山，南妾小川接平原屯新水山，分東枕芽敷海口。,[]
Q10_UNKNOWN_222,其西爭在縣東南七十里，新水地江名春山，在縣東南十八里。,[]
Q10_UNKNOWN_223,山幾隹變不筆。,[]
Q10_UNKNOWN_224,其南有硯嶼，其北有墨嶼，三與黃川中，旉夕離岸五六里許，遠望之尖秀如峰。,[]
Q10_17_225,民民創酒定有司別民路安務堂安同大南一統志卷十一。,"[""[[1239, 0], [1293, 0], [1293, 1741], [1239, 1741]]""]"
Q10_UNKNOWN_226,多顯靈處常有靈光降炤。,[]
Q10_17_227,嗣德三年列在祀慶和十火房，子房務品務店居房念創司務務有房行司常青翠，又有蓮湖水常半清半蜀比亦一午也。,"[""[[1239, 0], [1293, 0], [1293, 1741], [1239, 1741]]""]"
Q10_17_228,婆山在縣西南四十餘里，亦名壁山，四面石立如壁，周匝百餘里，望皆列成上一穴，常有靈光降炤。,"[""[[1188, 0], [1239, 0], [1239, 1741], [1188, 1741]]""]"
Q10_UNKNOWN_229,西近有邪來邪中那免一定三疊柳居焉。,[]
Q10_17_230,其東爲富祿江一支發原處，虬牢山在永昌縣同東二十八里，大小五峯有天依古答名人貢木通右虫勳海口之右，東枕海濱上顯官五里，亦名在縣東南瀑布山，一帶山岡連絡，草木葱蔚，多惡獸。,"[""[[1188, 0], [1239, 0], [1239, 1741], [1188, 1741]]""]"
Q10_UNKNOWN_231,其西爲驛路所經之處，路之西有連山蠻棚居焉。,[]
Q10_UNKNOWN_232,又其西貞在縣南五里許，舊多虎患商爲演山，山旅絕迹丁巳巾興初守鎭。,[]
Q10_UNKNOWN_233,阮文誠密禱于主玉僊娘，謂能除虎患，卽立祠祀之。,[]
Q10_UNKNOWN_234,數日果獲猛虎，行旅遂安，乃立演山祠三，在縣東南六里，山勢周迴百餘里之黃牛山，草木芬蔚，北枕海濱，南俯涸江，皆在縣南五十里，西連鹽耐村，北接和油玄山。,[]
Q10_UNKNOWN_235,站東枕海濱沙阜，左右山勢磅礴，峯巒層疊，小號甚多，惟以此山爲直在縣東二主亦名安杜山，聲相近也。,[]
Q10_UNKNOWN_236,厘一里許，山之東南有福山，舊庫遺址，故名之。,[]
Q10_UNKNOWN_237,北近魚腸江，乙卯中興初大兵破賊將陳光耀於庫山堡，卽此山上有關至在縣東十里，舊名阿公祠及五行廟於思山羅山，形小而圓，東北西皆近江，民居湊集，以魚爲竟山。,[]
Q10_UNKNOWN_238,在縣東藝山麓有旌忠祠，因以名之。,[]
Q10_UNKNOWN_239,方南十一里居虬勳小汛口之北，口月山在縣南九十，南近魚腸江，東枕大海，禾一里三瀆江之東鎮柑在縣南一百十五里，山勢崔檀，汛口占山嵬，其西羣峯盤亙，皆蠻獠所居，東近月在縣西南二十五里，羣八明居房与与动与商酒在縣南一百十一里，舊名安美山，嗣德十山五年改今名，以其山界居慶合慶美二戶之閒也。,[]
Q10_UNKNOWN_240,山勢迤灑東行爲風嶺，和勻諸盛惡山枕柑櫃大海口有沙渚延亙數十里，在縣東南八十八里，舊名東安山，嗣德十山五年改今名。,[]
Q10_UNKNOWN_241,其脈自黃牛山落出，一帶沙渚連亙海濱，迤裡而南，突起高峯，障柑櫨海口。,[]
Q10_UNKNOWN_242,山腹沙崗重疊，有湖在其下，水甚澄泓，俗名湘池。,[]
Q10_UNKNOWN_243,其西落出一小山，障汛口曰郎嶼；南落出一小山，障海口曰爭嶼，有民居之東南。,[]
Q10_UNKNOWN_244,又落出一山曰枯嶼，其北則小海由木口在焉，口外有內嶼、外嶼諸小島，公米一在縣南五十三里，東傍沙渚，西連羣山千峯萬岫，不知其際。,[]
Q10_UNKNOWN_245,乙卯中興初，賊將黎忠為我兵所敗，退據油壽書，在縣西南三十二里。,[]
Q10_UNKNOWN_246,務務局司創運務業衛務與務品市品衛務司陰森東近在縣東北二里許，平地安財房民務與堂務務務遠務司務房園貞在縣東南一百六十三里夾寧順道安福X嶺縣界東枕沙渚，有泳潭，南接耳嶼沙嘴，原與在縣東南二十餘里列峙海中，有智方沙原村民居焉。,[]
Q10_UNKNOWN_247,其東有尋嶼門嶼，波羅嶼相眞在縣東十餘里，居芃源嶼之北，連絡陽列峙海中，離岸約四里，周長六十餘里，有碧勺與小眞在柑櫨汛口外，倣六務定務品房務員與定務局司局司務務民科堂局務司產燕氣反在廣福縣下北五十八里，源出東南流四十里至平安村，江中起沙洲，左右分流各三里許，復合為一，又東流十里注雲峯海澳。,[]
Q10_UNKNOWN_248,按慶和省。,[]
Q10_UNKNOWN_249,諸江源不甚遠，水不甚深。,[]
Q10_UNKNOWN_250,問有至夏旱而乾涸者，其源頭江分里數難以一定，惟有新定之永富江。,[]
Q10_UNKNOWN_251,永平山江在縣昌之富祿江，及此江源稍遠耳。,[]
Q10_UNKNOWN_252,十三里源出氏妬山，東流三里許，分爲二支，一南流三里許注全曹江入海，一東南流二里許入雲峯海大小二汛之間。,[]
Q10_UNKNOWN_253,氏好安良江山全曹江均是小號，故不在詞內，在縣化三十六里，源出新美村田間，東流四里許，經安良村，分二支，一東南流一里，詩一東北流二里許竝入三日工。,[]
Q10_UNKNOWN_254,在賜南十里湯國學學學適學務學心江東流四十里，經三益村，轉南流二里詩入每又一支，從橋林村而東，又分二友，一迴湯八里許達河岑江。,[]
Q10_UNKNOWN_255,一南流四美利瓜在磨定大南一統志卷十一南源出壘溪，東流四十餘里，至美崗村折而和一南流經廣福縣之三益村爲玉山江，其一寸務行金務定業司務育務學金型金學業崩中東南流五里亦至香相社合流東行二十三里至永富村，一從石盤山南三國業具定業理心司運星而合比處四條總滙名爲永富江，合流四里午又分爲二支，一東南流七里達河岑江，年改每口一東北流四里許經憑安祖又方而南流五里許亦注芽敷海口，其憑安元卜。,[]
Q10_17_256,支從云橋付象二在永昌馬同欠男有發源有三一出同乃源俗名瀧求東南流二十人里至乾山村一出芽莊源蠻崗中經六灘二十八里亦至乾山村與瀧求合流東行二十一里至春美社一出妃山東南流二十七里經省城亦至富祿江而合名爲富祿江東流十里至春樂社回春村分爲二一東北流十二里注虬勳小海口一南流十一里至玉會村又分爲二一逕流二里許注虬勳大海口一南流永昌縣合與魚腸寶在永江逕十九里注虬勳小海口三漢江昌縣南八十五里源出蓬嵐白巾等蠻崗中東南流分爲三支一從上源村東南流十一里一從鹽耐村東南流四里一從若堵村東南流四里又有油溪從合美村來八之同注于水潮潭轉而東流逕盛司工在縣南九十六里德村注柑櫃海口江自田閒溝澮合流無源頭隨海潮海汐深倣一尺故名奚覃諸湖澳附成泰十八年定潭稅共銀一千四百八十元烏壽奚在廣福縣西北峻嶺深崖源流滚滚市商创房務安務務与務堂務務務房局品有務司上自杠溪屬山蠻分順流一星至美在新定下至契溪注楮州港口巳新名污縣下南溯流上自富和山順之在縣西安盛社流下至泥溪港口夕海沿溪旁檐木葉落溪中飲代胃在廣福縣下東近海岸務与務局有務房局務務務房上生甘靈海口十三里周長二十在縣吉相易刀木林沂聚西爲富祿江支里有搽江六灘發源處江灘有六一曰樹灘二曰丹難三曰山灘四曰芒灘五珠江五難现行行发行主留田縣南夾永昌縣爲富祿江一支發汲貞難珠工俗號龍求東南二十一在廣福陽同里廣倣二百餘里有島嶼爲之障屏雲峯澳舟船可以穩泊岸上舊有寧海碼臺六南一統志卷十一在縣東北二十一里周迴二百餘里凡大嶺以有日山諸溪皆注于此三面直峻旁須與烏與古嶼獨嶼東有赤嶼曰嵋嶼鷄嶼凌嶼鯉嶼北曰蝶芳敷澳東三在十六里周迴七十餘里澳中島嶼甘靈澳右錯峙有珍柿嶼僊嶼石嶼虬嶼七十九里中有暗礁石昌縣東南八十八里周圍富會池下東潮汐主縣西舊傳縣人名監修此噩咸忠江池池以養魚蝦故俗名吒監池魚在廣福縣新安東社林路沙磧中魚泓四序不竭昔有鱷魚今多虎患古蹟天辰上在永昌縣虬牢山嶺上有雙塔左务員与务司員科务登明運限二丈祀北海太子世傳天依僊女也，初降靈於大田山。,"[""[[1135, 0], [1188, 0], [1188, 1741], [1135, 1741]]"", ""[[1082, 0], [1135, 0], [1135, 1741], [1082, 1741]]""]"
Q10_UNKNOWN_257,有翁嫗，老而居山阿，植瓜理生。,[]
Q10_UNKNOWN_258,瓜熟，每有摘者，怪而伺之。,[]
Q10_UNKNOWN_259,夜見一女，年可十三四，從樹陰冉冉而來，月下持瓜戲弄。,[]
Q10_UNKNOWN_260,翁迎前問之，則前所摘瓜者。,[]
Q10_UNKNOWN_261,翁憐其嬌小，攜歸養之。,[]
Q10_UNKNOWN_262,姿度幽閑，真天人也。,[]
Q10_UNKNOWN_263,翁嫗甚愛之。,[]
Q10_UNKNOWN_264,一日，雨潦驟至，其女忽憶三神山舊跡，因移花選石戲作假山。,[]
Q10_17_265,翁怒罵之，女方恚恨間，適有枷楠木從潦而至，遂托身入之木，更隨潦漂去，泊於海北。,"[""[[1082, 0], [1135, 0], [1135, 1741], [1082, 1741]]""]"
Q10_UNKNOWN_266,北人見香木甚異，相率迎致之，重不可舉。,[]
Q10_UNKNOWN_267,其國太子聞之，即赴海濱觀焉，下而引之，應手輒起，歸置諸殿閣。,[]
Q10_UNKNOWN_268,太子方弱冠，未婚，每撫木徘徊。,[]
Q10_UNKNOWN_269,忽月光杳藹中縹緲若有人來者，心異之。,[]
Q10_UNKNOWN_270,一夜人定後，再往伺之，復見如前。,[]
Q10_UNKNOWN_271,薄而追之，則麗人也，倉皇欲遁，持而問之，不能去，遂語之故。,[]
Q10_UNKNOWN_272,太子驚喜，聞之於王，王命卜之吉，遂許結親。,[]
Q10_UNKNOWN_273,居久之，生男曰淄，女曰季。,[]
Q10_UNKNOWN_274,一日懷故居，乃攜子女俱入香木渡海而南，直抵虬勳汛，尋山阿故居，則翁嫗沒矣。,[]
Q10_UNKNOWN_275,還即其地立祠祀之。,[]
Q10_UNKNOWN_276,又以山民愚樸不能治生捍患，乃為之略建法紀，敎以生業。,[]
Q10_UNKNOWN_277,又於虬牢山鑿石為傳神像，白日飛昇而去。,[]
Q10_17_278,北海太子失婦所在，遣舟來訪，舟人威虐所在，民又不敬神像，忽風起，舟覆化一石堆，自是大著靈應，或騎。,"[""[[1082, 0], [1135, 0], [1135, 1741], [1082, 1741]]""]"
Q10_17_279,白象遊山嶺 每去辰山中 声震者三 如大礮然 或現形如匹練 飛騰空中 或跨鱷往來於燕嶼 虬山之間 方民神之有求 輒應 乃於山上築塔二 左祀僊主 右祀太子 塔後建小祠 祀主子女 塔左又建小祠 祀翁嫗 塔前有石碑 字皆虫文 不可曉 至於園場花菓 可採食 而不可攜去 每遇辰節 山獸海族 莫不於祠前遊伏焉 占人號稱爲阿那演婆 主玉聖妃 本朝初贈鴻仁普濟靈應 上等神 以虬牢民充祠 夫三名人 过此多立記題詩 以誌名勝 如原協辦領専書潘清簡 庆和布政阮烱 顺庆巡撫阮盛 平顺布政陈典 充典農使潘忠 皆有立記 刑部専書充正使黎峻 礼部參知阮文祥 庆和督學丁儒光 皆有詩 雷题 成发龜 在永昌縣北 富盛社 有舊壘一段 方房里 明命十七年 命剗平之 遗跡尚存 鸿民市卷 在永昌縣東 近库山之南 周三十六丈四尺 高七尺五寸 不知何辰起築 国初修築以防禦 虬土衆亶在省城西門外 上皇在省城東門 不不土 明命十三年 建貴坤外 富殷社 地分明命十三年 皇在省城西門外 建有籍田三畝八 其嗣德五年 建文廟在省城西北 富祿社 嘉隆司亦在富祿务动务司 堂务学五年 建嗣德二年 成皇房亦在富祿社至重修，始以瓦北臣庫紹治五年建於見宁房。,"[""[[1026, 0], [1082, 0], [1082, 1741], [1026, 1741]]""]"
Q10_UNKNOWN_280,務与務局動堂局业务刷局務司示亡病故等凡三百五十人。,[]
Q10_UNKNOWN_281,乙卯中興始建，嗣德五馬貢山司在新定縣祀主之長司在。,[]
Q10_17_282,年重修喪山示璜主鐵之神六山示廣福縣安良村祀主玉昌閣司在福田縣得祿太監水龍城隍四位之社祀天依仙女前臨官路昔眞臘貢使過此展謁因名之服金山在永昌縣下玉鑽村古名金山寺不令知何代創造本朝世宗皇帝改名歸尊寺賜之匾額左刻庚申年造右刻國主慈濟道人御題八字紹治五年敕仍舊號其原匾額雷之以靈貽勝蹟別製金山寺匾額掛寺門外寺在春山社原名蓮花寺不知何代本朝世宗皇帝甲寅年御製對聯云鳳垂後溪遶縈前延寧境上有靈山慶頌王圖億載獅顧左肱潭凝右翼廣福堂中光祖道增輝佛日萬春至今猶存關汛屯堡附員卷在新定縣下西北屬毓美社地分不耳房知何代起築舊名旗尾堡明命元年改今名置守禦員以官兵駐防控制崗香崗汲諸蠻獠堡旁有交易塲諸蠻以象馬載貨物就與漢民貿易歲一二次平安丞在縣後又改爲軍流配所今撥罷十里近珠江之北舊名平和堡木大悉在永明命元年改平安堡。,"[""[[1026, 0], [1082, 0], [1082, 1741], [1026, 1741]]""]"
Q10_UNKNOWN_283,今撤罷木曰縣西二十八里夾參利參洵二蠻柳其南。,[]
Q10_17_284,司卷行有里理帶衛源從廣福縣而來至新定縣西距縣二十源八里與同污源合流入永福江。,"[""[[1026, 0], [1082, 0], [1082, 1741], [1026, 1741]]""]"
Q10_UNKNOWN_285,此二源頭屬蠻凡七柵。,[]
Q10_UNKNOWN_286,明命元年募交林平林二隊防禦山蠻由蠟塲所駐守八年交平原堡管攝。,[]
Q10_UNKNOWN_287,後裁省按蠟塲原設在新定縣之春和社。,[]
Q10_UNKNOWN_288,每歲臘蠻民將黃蠟就塲登納省官。,[]
Q10_17_289,就此監檢深型理舉氣民務務司創理市創堂衛行務務發務業務海氣，與里學運有納身稅與漢民同去萬一里廣一千八百丈深五丈左有疊石觜右有僊鷄觜舊設汛守在河岑村巡防洋外及護遞船贈出八港口。,"[""[[1026, 0], [1082, 0], [1082, 1741], [1026, 1741]]"", ""[[913, 0], [969, 0], [969, 1741], [913, 1741]]""]"
Q10_UNKNOWN_290,今立在永昌縣花昌河總春樂社地局衛合務務別務務創一卷土築各周長七丈五尺高七皆靈氏在尺厚八尺以備不辰防禦。,[]
Q10_17_291,今停罷不木永昌縣那東八十八里廣四百丈深五十尺左市子民房民民品與局務房務念房司平波村民居焉舊設守七義在縣東九里廣一百九十餘丈潮深六尺汐四尺外有尨源巴羅等嶼羣島迴環帆橋湊集。,"[""[[855, 0], [913, 0], [913, 1741], [855, 1741]]""]"
Q10_17_292,北風一盛則依山陽西南風盛則依山陰。,"[""[[855, 0], [913, 0], [913, 1741], [855, 1741]]""]"
Q10_UNKNOWN_293,其尾原與民居鋪舍聯絡與塲西村鋪舍相近塲西浦在境。,[]
Q10_17_294,隆山北背山面海秋冬風沙揚起不可居則移避於尾源春夏風定仍回西鋪虬勳大每在縣東十九里廣十九丈深八尺五寸北有石山一座南有長沙者守禦恊守各一今裁撤東有赤嶼烏嶼舊設守所雲峯小海汛福縣在廣同東北二十五里廣五百十四丈深三丈外偏東有臥牛石四出沒水面雲峯大海氏在縣東北二十七里廣一千一百丈罷大南一統志闞卷十一慶和二十二驛站古名南抵和馬站十九里有奇嘉隆初詔站夫六十各口言在廣福縣邦新福九年增一百名禾旦立社南至和浪站二一知良古在中勇社南至口占在新玉和黃站三十里禾黃立村南至和美站和美占在新定縣下合美社茲移永和吉古在吉利村南至和盛站三十一里又南至芽莊站三十五里步是占在永昌縣昌勳村西至和盛站二十里北至和吉站三十五里由新設近使座和盛占在福田縣富慶社南至和新站三新虛立十里有奇東至芽莊站二十里三占在永昌縣下立定社南至口由占在水潮明市務房商務局市務定務堂房園司和勻站二口月占在慶甘村南至順萊站四十四里禾立十三里順萊原接乎順省界之寧順府今改府為道，改站名為寧萊站和勻站。,"[""[[855, 0], [913, 0], [913, 1741], [855, 1741]]""]"
Q10_UNKNOWN_295,舊至和順站二十四里，又自和順站至順萊站十九里。,[]
Q10_UNKNOWN_296,明命年閒，和順民漂散，乃併入於和勻順萊二站故里數獨長里路關報路一條，自北夾富安省之富和站至省城北之芽莊站一百五十五里，又自芽莊站經省城南抵寧順道之寧萊站一百三十七里，通長共二百九十二里。,[]
Q10_UNKNOWN_297,吉站直經和盛站，若自省城北之和可省二十餘里路程。,[]
Q10_UNKNOWN_298,站各橫三成，經水奇至功大汛口長二十里。,[]
Q10_UNKNOWN_299,又自水衛之東南至虬勳小汛口長三里半。,[]
Q10_UNKNOWN_300,一條自省城西經永福總至也貞云長四十里（一作自延慶府莅西至省城長三里），東至夾永昌縣界長三里有奇，又東達虬勳大汛十五里，北抵新定縣界長十三里有奇。,[]
Q10_UNKNOWN_301,一條自永昌縣莅西至福田縣界首長三里，縣莅東至虬勳汛十二里。,[]
Q10_UNKNOWN_302,一條自寧和府莅東北至雲峯長三十里有奇。,[]
Q10_UNKNOWN_303,一條自新定縣莅東至芽敷汛長十二里，西至平原汛長四里有奇。,[]
Q10_17_304,斤集大各五斧廣一丈上下，均成泰六年以乃眞王作後貴官新築。,"[""[[855, 0], [913, 0], [913, 1741], [855, 1741]]""]"
Q10_UNKNOWN_305,一自省城西門外長盛社直至全臻處屬禮盛社，長約十五里。,[]
Q10_UNKNOWN_306,一自使座從海岸以南直至長西村，長約七里半。,[]
Q10_UNKNOWN_307,一自使座西芳溝村直至塲東村。,[]
Q10_UNKNOWN_308,長十里一自使座北經虬牢村直至新定縣界首，長十里一自美合社西直至蠻分磊離處，長五十餘里海程，一條南自寧順道海分終嶼北駛經柑爐虬勳芽敷雲峯等汛至夾富安省之沱濃內，自崧嶼經柑櫺汛以順便爲度，約三日夜至虬勳倣一日夜，自虬勳至芽敷倣一日夜，自芽敷至沱濃汛倣一日夜，直貞旨後夾或架以橋或可以橋梁徒涉雨潦之辰隨便暫用舟船，故無有津渡定所，不足登志三系下寧豐寸地分以商船多商津橋湊集於此，故名製用木板長八十四在新定宗同元由官尺，尺橫八尺富有橋橫十三尺，俗名棣露在富有社，長三福下同昌日絲下福盛社俗號林瀧淵長民務安有局科机三十二在永昌縣同永洲社三溪橋村地分第一橋長七十七尺，第二橋長一百十三尺，第三橋長五十尺橫七尺，一乔長十四丈五尺，二橋長二十五文鐵橋三所新築均永昌縣創務氣員科員品務創務業育務民品務地分一在塲西木作一三尺，一在居盛社舊號樣壠長六十五尺黃十一尺，一在慶成村俗名棣砭等样正都橋長四十三尺橫十尺，均由法官辨折毀改爲津渡今復修築長一百八十七尺在廣福新定二縣由海渚行有武堈橋，俗號棣泡讀。,[]
Q10_UNKNOWN_309,長七丈，永長十五丈。,[]
Q10_UNKNOWN_310,按廣福縣官路前皆權俗材庫，長九丈五尺。,[]
Q10_UNKNOWN_311,菩江橋長十二者美橋，俗名棣猶，長三丈五寸。,[]
Q10_UNKNOWN_312,前刀橋長五又五尺。,[]
Q10_UNKNOWN_313,近來官路改從多福社，經玉山村至賀良出句二言分閒。,[]
Q10_UNKNOWN_314,有折壞不復修築順美橋，美社咨名求林可，在新定縣下順。,[]
Q10_UNKNOWN_315,尺橫九尺，長四十八萬順橋長三十八尺，黃十三尺在萬順社，舊名和順橋。,[]
Q10_UNKNOWN_316,良山橋十尺橫六尺，由岐路以下在良山村，俗名棣樓梳，長二平和橋辰者和二社，俗名棣塲澁龍美，在毓美社。,[]
Q10_UNKNOWN_317,一橫六尺，長五十尺，新春橋欄長三十四尺，在新春社，俗名棟明良橋。,[]
Q10_UNKNOWN_318,氏香橋長六丈五尺，有福田縣明良社，俗名富義橋，義注谷之求在廣福縣富零橫五尺，買長七丈。,[]
Q10_UNKNOWN_319,橫槎橋長九十六，凡黃九尺在新定縣同新春社滋喬，在山蠻分長五十餘尺，由磊富祿社長十才解處以東至縣治新築大路。,[]
Q10_UNKNOWN_320,富祿橋昌曰八丈橫七尺。,[]
Q10_UNKNOWN_321,按全轄諸江多淺狹，源不甚遠，水勢不至衝激，易於放洩。,[]
Q10_UNKNOWN_322,海鹹亦不至漲浸，故堤堰不費築塞，惟於官路石堰九所砌石為橋，以通水道。,[]
Q10_UNKNOWN_323,明命年閒所築關一，單水關六，丙平水竇二，雙水又新砌石書三，沂一在永昌縣居盛社，俗名棣涇。,[]
Q10_UNKNOWN_324,長十九尺橫十三尺，一在新定縣吉利村。,[]
Q10_UNKNOWN_325,長十尺橫八尺，一亦在吉利村。,[]
Q10_UNKNOWN_326,長八尺橫七尺，有集全年稅一千五百七十二元。,[]
Q10_17_327,清明市在福田縣下，清昌盛方在福盛社，舊明社店舍稠密，而屬下名天安行。,"[""[[855, 0], [913, 0], [913, 1741], [855, 1741]]""]"
Q10_UNKNOWN_328,行賈湊集，為書在富在武貴社，尋常業學務學行學行務舉無永舌市在永昌縣下，永恬社，俗名聚營多幾清人瓦鋪，舟車輻輳，貨物充盈。,[]
Q10_17_329,昌動市近來新立，使座於昌勳村，在地分人物都會百貨所聚力朝市。,"[""[[855, 0], [913, 0], [913, 1741], [855, 1741]]""]"
Q10_UNKNOWN_330,水堂員務商業與商業與務務務與創司聚集亦稀房社店舍稠密，貨物充盈。,[]
Q10_17_331,新美市在新美村，商賈四集，書長方在富義百貨所聚，為縣轄最社店舍亦稀少。,"[""[[800, 0], [855, 0], [855, 1741], [800, 1741]]""]"
Q10_17_332,近有白美令方在新定縣下美合社河市及平西市下，車船湊集，人物繁盛，一都會酒先朝設鎭守，該簿記口在春和社多清商瓦美錄三營在此者禾下鋪然亦不甚繁聚。,"[""[[800, 0], [855, 0], [855, 1741], [800, 1741]]""]"
Q10_17_333,交方在美政社，店舍亦稀，正可近有厚福社小市，人物福田縣人有望閣功歷官該奇遷平康防淵畱守卒贈掌奇列祀顯忠祠及中興功臣，新定縣人中興初從戎有功歷官廟陽文月神策營都統制領振武軍副將，明命初年領嘉定副總鎮，十三年陞前軍都統掌府事，封良才侯，逆之變領平寇將軍印。,"[""[[800, 0], [855, 0], [855, 1741], [800, 1741]]""]"
Q10_UNKNOWN_334,往剿適暹兵來侵，殺退暹兵，收復河僊。,[]
Q10_17_335,進取一南，榮回至平順省病卒，贈太傅，封新城郡公，列祀賢又廣福縣人。,"[""[[800, 0], [855, 0], [855, 1741], [800, 1741]]"", ""[[745, 0], [800, 0], [800, 1741], [745, 1741]]""]"
Q10_UNKNOWN_336,中興初，追隨有功，良祠者法。,[]
Q10_UNKNOWN_337,嘉隆初，遷清化協鎭。,[]
Q10_UNKNOWN_338,明命初，召回，轉戶部參知，出領嘉定戶工二曹，又召還，陞兵部尚書，遷禮部尚書，病卒。,[]
Q10_17_339,嗣德十二務，務務員司衛務，創商務局，定衛衛司司務，與有局員，明務房局堂司務園忠廣福縣下人。,"[""[[745, 0], [800, 0], [800, 1741], [745, 1741]]""]"
Q10_UNKNOWN_340,中興初，從征有功，歷祠范文初官該奇辛酉，卒於歸仁城，贈掌奇一明明房府房務司堂元衛局公司忠祠，掌奇列祀功臣廟新定縣人。,[]
Q10_UNKNOWN_341,官至副衛尉，己未從征文番氏，一歸仁陣亡，贈正衛尉，列祀顯忠祠。,[]
Q10_17_342,冬二治新定縣人，黎明識之，妻夫沒，守節奉事舅焦姑，其母欲改嫁氏，焚香告夫，斷髮自誓，明馬采斤旌賞。,"[""[[745, 0], [800, 0], [800, 1741], [745, 1741]]""]"
Q10_17_343,命十二年，黃氏義夫為虎所攫，氏以柴刀斫廣福縣八與夫入山求業虎，救之紹治四年，旌賞土生出諸山蠻分新定安城等社採納何年琦瑀欠者，聽代納沉香。,"[""[[745, 0], [800, 0], [800, 1741], [745, 1741]]""]"
Q10_UNKNOWN_344,按黎桂堂雜錄云琦務務務市務務財商務第二，乃是楮樹心結成楮，有三類牛舌楮及一郵楮為沉香瓢楮為琦瑜人見楮樹葉黃而小，又樹多疣贅，即知有香，斫而取之。,[]
Q10_UNKNOWN_345,國初置諸山隊，以歲二月探採，六月而還，所得多。,[]
Q10_UNKNOWN_346,少不定以白蠟色為上，鴨頭綠次之，靑蠟色又火之虎斑色為下。,[]
Q10_UNKNOWN_347,又以乾如湯米為羊堅寔，為下。,[]
Q10_UNKNOWN_348,諺云：「一白，二青，三黃，四黑。,[]
Q10_UNKNOWN_349,人欲勑冗奇之異，當以形質氣味別之。,[]
Q10_UNKNOWN_350,」沉質重，味苦。,[]
Q10_UNKNOWN_351,市務泰務居市居務堂商念機務咽直上而長。,[]
Q10_UNKNOWN_352,沉能降氣，琦能治中風痰等。,[]
Q10_UNKNOWN_353,溢磨水灌之，或燒香氣入鼻即甦腹痛腸滿等，虛含化立愈。,[]
Q10_UNKNOWN_354,又能辟邪穢氣，收貯宜用錫信，忌用紙包，亦不宜常曝，恐乾燥力薄。,[]
Q10_UNKNOWN_355,試以舊葉封密，晒於日中至夕。,[]
Q10_UNKNOWN_356,沉香見上，蘇合香山蠻橋遵柵樹脂結成入峯香木出諸山蠻分，又周藥可治一切不正之氣。,[]
Q10_UNKNOWN_357,其木啓濯方黑色，可有出廣福新定諸縣，俗名楛花藤，除邪氣相才辟。,[]
Q10_UNKNOWN_358,木理有圓斑白黑如星，出廣福縣，節間黑色花斑節短大出福田而密者，可作杖及坐椅之用。,[]
Q10_UNKNOWN_359,二山分色黑，可辟毒，人常用六天亦名紅木，出諸山貴以爲箸及諸器用。,[]
Q10_UNKNOWN_360,蠐色赤而材堅，出山蠐舊有稅，歲臘蠐人遞有來，亦名貝。,[]
Q10_UNKNOWN_361,務務房局局務學務堂簟，其脊堅可中弓幹蘿奔出新定縣，可編作象牙犀角雉羽鹿茸孔雀蜂蜜文蛤皆有之。,[]
Q10_UNKNOWN_362,諸海分珊瑚石醴甘村出廣福縣，猛火油橄欖脂麻皮山芙舊皆有稅，俱出山蠐分。,[]
Q10_UNKNOWN_363,薏苡砂仁紅花馬台。,[]
Q10_UNKNOWN_364,中芻少出，福田新由出福田。,[]
Q10_UNKNOWN_365,明命二具慶出福變至氏裏處南糸年有業戶稅，具希田縣有之，然不甚多，大南一統志卷之十一。,[]
