id,sentence
q6_page_465-0001,ĐẠI NAM NHẤT THỐNG CHÍ
q6_page_465-0002,QUYỂN VIII
q6_page_465-0003,TỈNH QUẢNG NGÃI
q6_page_465-0004,"Đông tây cách nhau 39 dặm, nam bắc cách nhau 153 dặm, phía đông đến biển 60 dặm, phía tây đến đất Man 33 dặm, phía nam đến địa giới huyện Bồng Sơn tỉnh Bình Định 98 dặm, phía bắc đến địa giới huyện Hà Đông tỉnh Quảng Nam 55 dặm, phía đông nam đến địa giới huyện Bồng Sơn tỉnh Bình Định 103 dặm, phía tây nam đến địa giới huyện Bồng Sơn 130 dặm, phía đông bắc đến địa giới huyện Hà Đông tỉnh Quảng Nam 41 dặm, phía tây bắc đến địa giới huyện Hà Đông 59 dặm."
q6_page_465-0005,Từ tỉnh ly đi ra Bắc đến Kinh thành 583 dặm.
q6_page_465-0006,PHẦN DÃ
q6_page_465-0007,"Theo thiên văn thuộc khu vực sao Duc sao Chẩn, về tỉnh thứ sao Thuần Vĩ."
q6_page_466-0001,DỰNG ĐẶT VÀ DIÊN CÁCH
q6_page_466-0002,"Xưa là đất Việt Thường thị, đời Tần thuộc Tượng Quận; đời Hán là bờ cõi quận Nhật Nam, đời Đường thuộc Lâm Ấp, đời Tống là đất Cổ Lũy của Chiêm Thành."
q6_page_466-0003,"Nước ta nhà Nhuận Hồ lấy đất này đặt hai châu Tư và Nghĩa, thời thuộc Minh, đất này thuộc phủ Thăng Hoa, nhưng đất vẫn bị Chiêm Thành chiếm cứ."
q6_page_466-0004,"Đầu đời Lê gọi là Nam Giới, cũng là đất ki mi."
q6_page_466-0005,"Đời Hồng Đức, vua Lê Thánh Tông đi đánh Chiêm Thành, lấy lại đất này đặt làm phủ Tư Nghĩa, lãnh 3 huyện (Nghĩa Giang, Bình Sơn và Mộ Hoa) lệ vào Quảng Nam thừa tuyên."
q6_page_466-0006,"Thái Tổ Gia Dụ hoàng đế trấn giữ Thuận Quảng, năm Nhâm Dần thứ 45 (Lê Hoàng Định năm thứ 3) (1602) đổi phủ Tư Nghĩa làm phủ Quảng Nghĩa, đặt các chức tuần phủ và khám lý, vẫn lệ vào Quảng Nam."
q6_page_466-0007,Đời Tây Sơn đổi làm phủ Hoà Nghĩa.
q6_page_466-0008,"Năm Tân Dậu (1801), Thế Tổ Cao hoàng đế đánh dẹp Tây Sơn, thu lại đất này, đổi gọi là dinh Quảng Nghĩa, đặt các chức lưu thủ, cai bạ, ký lục."
q6_page_466-0009,"Năm Gia Long thứ 7, đổi làm trấn, năm thứ 9 đổi lưu thủ làm trấn thủ."
q6_page_466-0010,"Năm Minh Mệnh thứ 8 lại đổi cai bạ và ký lục làm hiệp trấn và tham hiệp, năm thứ 10, đổi trấn làm tỉnh gọi là tỉnh Quảng Ngãi (Nghĩa), đặt hai ty bố chánh và án sát, do tuần phủ Nam Ngãi lãnh cả; năm thứ 15 lại gọi là tỉnh Nam Trực."
q6_page_466-0011,"Năm Thiệu Trị thứ 7 đặt tuần phủ Quãng Ngãi, và đổi đặt tổng đốc Nam Ngãi."
q6_page_466-0012,Nay lãnh 1 phủ 3 huyện.
q6_page_466-0013,"Phủ Tư Nghĩa: ở cách tỉnh thành 8 dặm về phía tây nam, tứ chí cũng như tỉnh."
q6_page_466-0014,"Nguyên là đất Cổ Lũy của Chiêm Thành, nhà Nhuận Hồ lấy đặt làm châu Tư và châu Nghĩa, nhà Lê gọi là châu Cổ Lũy, sau đổi làm phủ Tư Nghĩa lệ vào xứ Quảng Nam."
q6_page_466-0015,"Đầu bản triều đổi làm phủ Quảng Nghĩa, vẫn lệ xứ Quảng Nam, đầu đời Gia Long đặt riêng dinh Quảng Nghĩa, lấy phủ Quảng Nghĩa lệ vào."
q6_page_466-0016,"Năm Minh Mệnh thứ 13, lại gọi theo tên cũ là phủ Tư Nghĩa, kiêm lý huyện Chương Nghĩa."
q6_page_466-0017,"Nay lãnh 3 huyện 13 tổng, gồm 446 xã thôn phường ấp."
q6_page_466-0018,"Huyện Chương Nghĩa (1): đông tây cách nhau 37 dặm, nam bắc cách nhau 36 dặm, phía đông đến biển 14 dặm, phía tây đến miền sơn Man 23 dặm, phía nam đến huyện Mộ Đức 18 dặm, phía bắc đến huyện Bình Sơn 18 dặm."
q6_page_466-0019,"Đời Lê là huyện Nghĩa Giang, sau đổi làm huyện Chương Nghĩa; đầu bản triều vẫn theo như thế."
q6_page_466-0020,"Năm Minh Mệnh thứ 11, do phủ nha kiêm lý."
q6_page_466-0021,"Nay lãnh 6 tổng, gồm 112 xã thôn phường ấp."
q6_page_467-0001,(1) Tương đương với huyện Tư Nghĩa và một phần huyện Nghĩa Hành ngày nay.
q6_page_468-0001,"Huyện Bình Sơn: cách phủ 34 dặm về phía bắc đông tây cách nhau 12 dặm, nam bắc cách nhau 46 dặm, phía đông đến biển 21 dặm, phía tây đến miền sơn Man 21 dặm, phía nam đến huyện Chương Nghĩa 29 dặm, phía bắc đến huyện Hà Đông tỉnh Quảng Nam 17 dặm."
q6_page_468-0002,"Đời Nhuận Hồ đặt huyện Trì Bình đời Lê đổi làm huyện Bình Dương, sau đổi làm Bình Sơn; bản triều vẫn theo như thế."
q6_page_468-0003,Nay lãnh 6 tổng gồm 159 xã thôn phường ấp vạn trại.
q6_page_468-0004,"Huyện Mộ Đức: cách phủ 20 dặm về phía nam, đông tây cách nhau 21 dặm, nam bắc cách nhau 42 dặm, phía đông đến biển 10 dặm, phía tây đến huyện Chương Nghĩa 11 dặm, phía nam đến huyện Bồng Sơn tỉnh Bình Định 40 dặm, phía bắc đến huyện Chương Nghĩa 2 dặm."
q6_page_468-0005,"Đời Nhuận Hồ là huyện Khê Cẩm thuộc châu Nghĩa; đời Lê đổi là huyện Mộ Hoa, bản triều vẫn theo như thế."
q6_page_468-0006,Năm Thiệu Trị thứ nhất vì tránh tên huý (mẹ Thiệu Trị) đổi làm Mộ Đức.
q6_page_468-0007,"Nay lãnh 6 tổng, 175 xã thôn phường ấp."
q6_page_468-0008,HÌNH THẾ
q6_page_468-0009,Phía đông tỉnh có đáo Hoành Sa (tức đảo.
q6_page_468-0010,"Hoàng Sa), liền cát và biển làm trì, phía tây nam (1) Tương đương với huyện Mộ Đức và một phần huyện Đức Phổ miền sơn Man, có luỹ dài vững vàng, phía nam liền với tỉnh Bình Định, có đèo Bến Đá chắn ngang, phía bắc giáp tỉnh Quảng Nam, có ghênh Sa Thổ làm giới hạn."
q6_page_468-0011,"Núi có tiếng thì có núi Thiên Ấn, núi Thiên Bút và núi Long Đầu, làm phên giậu ở tả hữu."
q6_page_468-0012,"Sông cái thì có sông Trà Khúc, sông Châu Tử và sông Vệ bao bọc trước sau."
q6_page_468-0013,"Năm cơ (5 cơ Tĩnh Man) chia đóng, gìn giữ biên cương, sáu tấn (xem phần ""Quan tấn"") bày phòng, vững vàng mặt biển."
q6_page_468-0014,"Chợ phố Phú Đăng nhóm họp hàng hoá, cửa tấn Cổ Lũy tụ tập thuyền buôn; bốn nguồn ở đầu núi (xem phần ""Quan tấn""), là nơi giao dịch của người Kinh, người Man, bốn vũng ở ven biển (xem phần ""Sơn xuyên""), là chỗ tàu thuyền qua lại dừng lấy củi nước."
q6_page_468-0015,Đấy đều là những nơi hình thắng trong tỉnh và là chỗ có tiếng ở kỳ phụ vậy.
q6_page_469-0001,KHÍ HẬU
q6_page_470-0001,"lần, người ta cho là tai hoạ."
q6_page_470-0002,"Mùa xuân mùa hạ nổi sấm rồi mưa, gọi là mưa giống, nhưng cũng tuỳ nơi, chỗ có chỗ không, không nhất định."
q6_page_470-0003,"Mùa thu mùa đông, mây kéo ở phía đông bắc rồi mưa, gọi là mưa biển, nếu mưa biển mà có sấm sét thì mưa to suốt ngày, và liền có lụt."
q6_page_470-0004,"Sấm thường dậy vào cuối tháng chạp ở phía tây nam, đến tháng hai thì sấm dữ có chớp, tháng 10 thì hết sấm."
q6_page_470-0005,"Mây thì có mây biển, mây núi; mây biển hay mưa, mây núi cũng có lúc dày đặc mà không mưa."
q6_page_470-0006,"Khí hậu một năm thường đến muộn, hoa cúc đến mùa đông mới nở rộ, đấy là một chứng."
q6_page_470-0007,"Trong bốn mùa, công việc nhà nông xen nhau, không lúc nào rồi."
q6_page_470-0008,"Ruộng thì có ruộng một mùa, ruộng hai mùa, cũng có ruộng ba mùa."
q6_page_470-0009,"Tháng giêng ruộng đồng trồng dầu, gai, dưa đầu."
q6_page_470-0010,"Tháng 2 ruộng cạn, gieo mạ bát nguyệt, kế gặt lúa ba trăng."
q6_page_470-0011,"Mùa hạ tháng 4, ruộng cạn ruộng lầy gieo mạ vụ thu, tháng 6 ruộng cạn và nương gieo lúa muộn."
q6_page_470-0012,"Mùa thu tháng 7, đất đồi trồng lạc và gặt lúa bát nguyệt, tháng 9 ruộng cạn gieo mạ vụ hè."
q6_page_470-0013,"Mùa đông tháng 10 cấy lúa ba trăng, tháng 11 ruộng lầy mới gieo, tháng 12 trồng khoai lang, gặt lúa muộn, phạt cành dầu, thu hoạch mía."
q6_page_470-0014,"Từ tháng giêng đến tháng 9, tháng nào cũng có thể chăn tầm được, duy mùa đông trời rét, lá dầu vàng rụng, việc chăn tầm thưa thớt."
q6_page_471-0001,PHONG TỤC
q6_page_471-0002,"Đất bạc, dân chăm, tính tần tiện không xa hoa, người quân tử thích việc nghĩa, giữ khí tiết; người tiểu nhân thì hám lợi, hay sinh kiện tụng."
q6_page_471-0003,"Địa thế tuy hẹp mà khí mạch tốt, nên đời nào cũng có nhiều người làm đến quan to chức trọng, bước đường thanh thản, trọng được danh vọng."
q6_page_471-0004,"Ở thôn quê thì nhiều người sống lâu, học trò thì tư chất thông minh, nhiều kiến thức, duy người giàu thì thường bị của cải dời lòng, người nghèo thì thường khổ vì sinh nhai không đủ, học nghiệp phần nhiều không chuyên, nhưng nếu biết cố chí thì cũng nhiều người thành tựu."
q6_page_471-0005,"Người làm ruộng thì rất chăm chỉ, nhưng vì nhiều đất xấu, nên thu lợi không được bao nhiêu, thường phải ăn độn ngô khoai."
q6_page_471-0006,Kỹ nghệ thì chỉ tầm thường.
q6_page_471-0007,"Ngoài những người bày hàng buôn bán chợ phố, còn có bốn hạng đi buôn: một là buôn mọi, hai là buôn gánh, ba là buôn thuyền, bốn là buôn biển."
q6_page_471-0008,"Về hôn nhân, sau khi người mối đã thông tin tức, thì có ba lễ: lễ kết thân, lễ ăn hỏi và lễ rước dâu."
q6_page_471-0009,"Tang lễ thì có nhà theo Chu Văn Công gia lễ, có nhà theo Thọ mai gia lễ."
q6_page_471-0010,"Sau khi tổng táng, đến mùa thu, hoặc sau một năm đến tiết thu thì sắm thịt xôi để tế, có người mời sư vãi làm chay, gọi là tuần tháng bảy."
q6_page_471-0011,"Tháng chạp thì tảo mộ, làm cỗ cúng tiên tổ gọi là ""chạp tổ"", cúng thần gọi là ""chạp thần""."
q6_page_471-0012,Những ngày 28
q6_page_472-0001,"29 và 30 tháng chạp, chợ phố bán đủ các thứ hàng, người già người trẻ đi lại như mắc cửi."
q6_page_472-0002,"Lễ dựng nêu, lễ trừ tịch và 3 ngày Nguyên đán, các nhà đều lễ thờ tiên tổ, con cháu trong nhà theo thứ tự mừng tuổi, bè bạn đi lại chúc nhau."
q6_page_472-0003,"Từ sau ngày mồng 3 đến ngày Nguyên tiêu (15 tháng giêng âm lịch), người thích vui chơi thì chọi gà, đua ngựa, đánh bạc, đánh đu, hát chèo, gọi là chơi Tết."
q6_page_472-0004,"Tiết đoan ngọ (mồng 5 tháng 5 âm lịch) thì hái lá làm thuốc gọi là ""lá mồng năm""."
q6_page_472-0005,"Đền thần, chùa Phật, xã nào cũng có, mùa xuân mùa thu tế lễ gọi là ""kỳ yên""."
q6_page_472-0006,"Ba ngày nguyên (1) cùng nhau lên chùa dâng hương, nhưng không hay bố thí, nên tăng ni đều nghèo túng lam lũ."
q6_page_472-0007,"Tục thích đồng bóng, ham hát tuồng, người ốm không uống thuốc, thường mời thầy cúng về nhà bày cúng để mong khỏi bệnh."
q6_page_472-0008,"Có việc vui mừng thì bày tiệc ăn uống và hát tuồng, không ngại phí tổn."
q6_page_472-0009,Phụ: Phong tục người Man.
q6_page_472-0010,"Tục ở nhà sàn, một nhà sàn dài, phòng giữa là bếp, ở ngoài bếp là sàn để ngổi họp, ăn uống."
q6_page_472-0011,"Ban đêm thì con trai con gái nằm quánh bếp, không có giường phản."
q6_page_472-0012,Dưới sàn nuôi súc vật.
q6_page_472-0013,"Gọi bố là cha, gọi mẹ là mụ, gọi con là ong; uống rượu là ""hách (1) Ba ngày nguyên: thượng nguyên: 15 tháng giêng âm lịch; trung nguyên: 15 tháng 7 âm lịch; hạ nguyên: 15 tháng 10 âm lịch."
q6_page_473-0001,"lộc"", ăn cơm là ""xa vong"", chim muông gọi là ""ác""."
q6_page_473-0002,Người có tên không có họ.
q6_page_473-0003,"Tính đêm không tính ngày, không biết mùa năm, chỉ căn cứ vào gốc rạ ở ruộng, mỗi lần gốc rạ thay đổi là tính một năm."
q6_page_473-0004,Số mục thì thất nút dây để nhớ.
q6_page_473-0005,Việc hôn nhân thì dùng đồ đồng làm của dẫn cưới.
q6_page_473-0006,"Đàn ông thì dùng dây gai dệt làm khố, đàn bà dùng cả tấm vải quây lại làm váy."
q6_page_473-0007,Gác chòi để chứa thóc gạo.
q6_page_473-0008,"Để của cải ở ven khe, không lấy trộm của nhau."
q6_page_473-0009,Dẫu nghèo cực cũng không ăn xin.
q6_page_473-0010,"Ngoài việc săn bắn, không cỡ bạc chơi bời, tính rất thuần phác."
q6_page_473-0011,Trai gái không hoà gian.
q6_page_473-0012,"Có bệnh thì mổ súc vật để cầu đảo, không uống thuốc."
q6_page_473-0013,"Người chết thì bỏ xác ở trên cây, không có quan quách."
q6_page_473-0014,THÀNH TRÌ
q6_page_473-0015,"Thành tỉnh Quảng Ngãi: chu vi 200 trượng 2 thước linh, cao 1 trượng, 3 cửa, hào rộng 5 trượng sâu 1 trượng, ở địa phận xã Chính Mông huyện Chương Nghĩa."
q6_page_473-0016,"Nguyên trước tỉnh thành ở địa phận xã Phú Nhân, huyện Bình Sơn, đầu đời Gia Long dời đến xã Phú Đăng, huyện Chương Nghĩa, năm thứ 14 xây bằng đá ong."
q6_page_473-0017,"Lỵ sở phủ Tư Nghĩa: chu vi 314 trượng, rào bằng tre, ở xã An Hoà huyện Chương Nghĩa do phủ kiêm lý."
q6_page_473-0018,"Đầu đời Gia Long ở địa phận phường Đức Yên, năm Minh Mệnh thứ 3 dời đến chỗ hiện nay."
q6_page_474-0001,"Lỵ sở huyện Bình Son: chu vì 48 trượng, rào bằng tre, ở thôn Liên Trì."
q6_page_474-0002,"Đầu đời Gia Long ở thôn Tiên Đào, năm Minh Mệnh thứ."
q6_page_474-0003,3 dời đến chỗ hiện nay.
q6_page_474-0004,"Lỵ sở huyện Mộ Đức: chu vì 50 trượng linh, rào bằng tre, ở thôn Năng Yên, dựng từ đầu đời Gia Long."
q6_page_474-0005,TRƯỜNG HỌC
q6_page_474-0006,Trường học tỉnh Quảng Ngãi:
q6_page_474-0007,"ở xã Chính Mông về phía tây bắc tỉnh thành, dựng từ đời Gia Long đến năm Minh Mệnh thứ 13 sửa lại, năm Tự Đức Trường học huyện Bình Sơn: ở xã Tiên Đào về phía tây huyện lỵ, dựng năm Minh Mệnh thứ 5, đến năm Thiệu Trị thứ 3 sửa lại."
q6_page_474-0008,"Trường học huyện Mộ Đức: ở địa phận xã Vạn Phúc về phía đông huyện lỵ, dựng năm Minh Mệnh thứ 5, đến năm Thiệu Trị thứ 3 sửa lại."
q6_page_474-0009,HỘ KHẨU
q6_page_474-0010,"Đời Gia Long, số đinh là 15.400 người linh nay là 23.524 người."
q6_page_474-0011,THUẾ RUỘNG
q6_page_474-0012,"Ruộng đất 50.520 mẫu, ngạch thuế là 40.674 hộc thóc, 44.020 quan tiền, 1.390 lạng bạc."
q6_page_475-0001,NÚI SÔNG
q6_page_475-0002,Núi Thiên Bút:
q6_page_475-0003,ở cách huyện Chương Nghĩa chừng 4 dặm về phía bắc.
q6_page_475-0004,"Hình núi bốn mặt thấp mà ở giữa cao vọt lên, trông như cây bút dựng, nên gọi tên thế."
q6_page_475-0005,"Xưa Tân Minh hầu Nguyễn Cư Trinh làm Tuần phủ Quảng Ngãi đề vịnh Mười cảnh ở Quảng Ngãi, có một đề là ""Thiên Bút phê vân"" (núi Thiên Bút phê mây)."
q6_page_475-0006,Núi Đại An:
q6_page_475-0007,"ở cách huyện Chương Nghĩa 8 dặm. về phía đông nam, ngọn tầng chót vót, cây cối um tùm, gần đấy về phía bắc có núi Tự Sơn."
q6_page_475-0008,Núi Voi:
q6_page_475-0009,"ở cách huyện Chương Nghĩa 2 dặm về phía đông bắc, thế núi ngất ngưởng như đầu voi nên gọi tên thế."
q6_page_475-0010,Núi Lưỡng Thạch:
q6_page_475-0011,"ở cách huyện Chương Nghĩa 1] dặm về phía nam, đá núi lởm chởm, cây cối xanh tươi."
q6_page_475-0012,Núi Hổ Đột:
q6_page_475-0013,"ở cách huyện Chương Nghĩa 10 dặm về phía tây, thế cao như cọp nhảy, nên gọi tên thế."
q6_page_475-0014,Núi Định Cương:
q6_page_475-0015,"Ở cách huyện Chương Nghĩa 18 dặm về phía tây nam, ngọn tầng tốt đẹp, gần về phía nam có núi Tang Trống."
q6_page_475-0016,Núi Mông Sơn:
q6_page_475-0017,"ở cách huyện Chương Nghĩa 18 dặm lệch về phía tây nam, cao đẹp quanh co."
q6_page_475-0018,Đồn Tuy An đóng ở phía tây núi.
q6_page_476-0001,Núi Phú Lâm:
q6_page_476-0002,"ở cách huyện Chương Nghĩa 27 dặm về phía tây, thế cao đốc như đứng, cây cối Núi Chùa Ở cách huyện Chương Nghĩa 4 dặm về phía tây nam."
q6_page_476-0003,Núi Dương Son:
q6_page_476-0004,ở cách huyện Chương Nghĩa 4 dặm về phía đông.
q6_page_476-0005,"Núi Đá Vách: tức Thạch Bích, ở cách huyện Chương Nghĩa 21 dặm về phía tây, thế núi đứng sững, vách núi dốc đứng, cây cối um tùm, không ai đấn hái, sớm khói đượm tia, chiều khe ngậm son nắng chiếu vào thì đá núi lốm đốm như sao sáng."
q6_page_476-0006,"Tập Mười cảnh ở Quảng Ngãi của Nguyễn Cư Trinh có một đề là ""Thạch bích tà dương "" (núi Thạch bích mặt trời chiều), tức là núi này."
q6_page_476-0007,"Xưa kia sào huyệt ác Man ở đây, hồi đầu bản triều đặt sáu đạo quân để phòng ngự."
q6_page_476-0008,"Đời Gia Long, đắp lũy dài và đóng quần Núi."
q6_page_476-0009,Tố Sơn: ở cách huyện Chương Nghĩa chừng 1 dặm về phía tây.
q6_page_476-0010,Núi Kỳ Ldn:
q6_page_476-0011,"ở phía tây huyện Chương Nghĩa ngoài lũy dài chừng 2 dặm, về phía tây gần núi Tượng Đầu, cây cối xanh tốt."
q6_page_476-0012,Núi Bình Đề:
q6_page_476-0013,"ở phía tây nam huyện Chương Nghĩa, ngoài lũy dài chừng 2 dặm."
q6_page_477-0001,Núi Nhuệ Sơn:
q6_page_477-0002,"ở phía tây nam huyện Chương Nghĩa, ngoài lũy dài chừng 2 dặm."
q6_page_477-0003,Núi Thạch Khê:
q6_page_477-0004,"ở lệch về phía tây nam huyện Chương Nghĩa, ngoài lũy dài chừng 2 dặm, đá núi cao vót."
q6_page_477-0005,Núi Thiên Ấn:
q6_page_477-0006,"ở cách huyện Bình Sơn 30 dặm về phía nam, quanh co đến 4 dặm, cao hơn trăm trượng, đỉnh núi bằng phẳng, rộng chừng vài ba mẫu, bốn mặt vuông bằng, trông xa như hình cái ấn nên gọi tên thế."
q6_page_477-0007,"Trên núi có chùa, trước chùa có giếng cổ, sâu 55 trượng, nước rất trong, cạnh giếng có cây cổ, đáng thưởng ngoạn."
q6_page_477-0008,"Tương truyền xưa kia có một vị sư dựng chùa ở đây, khổ vì không có nước, bèn đào một cái giếng ở đỉnh núi trước chùa, cố sức đào 20 năm mới đến mạch nước, khi đào giếng thành công thì vị sư ấy tịch, đến nay các trụ trì chùa này được nhờ giếng ấy."
q6_page_477-0009,"Chân núi kề sông Trà Khúc, phía bắc ngang với núi La vọng, phía đông giáp núi Tam Thai, phía tây liền núi Long Thủ."
q6_page_477-0010,"Tập Mười cảnh ở Quảng Ngãi của Nguyễn Cư Trinh, có một đề là ""Thiên Ấn niêm hà"" (Thiên Ấn đóng sông), tức là núi này."
q6_page_477-0011,Năm Tự Đức thứ 3 liệt vào điển thờ.
q6_page_477-0012,"Núi Đầu Rồng: tức Long Đầu, ở cách huyện Bình Sơn 31 dặm về phía nam, hình thế khuất khúc, sống núi Sâm Hội chạy về nam, đến vực sông Trà Khúc thì dừng, hình như rồng thần hút nước, nên gọi tên thế."
q6_page_477-0013,"Trên núi có miếu cổ thờ Long Vận tướng quân, sườn núi có ba đường đi đều sâu như giếng."
q6_page_477-0014,"Tương truyền hồi Cao Biên nhà Đường cỡi diều giấy đến đây yểm đoạn long mạch, hoang đường không tin được."
q6_page_477-0015,"Trong tập Mười cảnh ở Quảng Ngãi có một đề là ""Long đầu hí thủy"" (Đầu rồng vỡn nước), tức là núi này."
q6_page_477-0016,Núi Vu Sơn:
q6_page_477-0017,"ở cách huyện Bình Sơn 10 dặm về phía tây, chót vót chọc trỡi, là chỗ phát mạch của các núi trong huyện, phía sau núi rậm rạp, hươu nai thành đàn."
q6_page_477-0018,"Người sau có thơ tục vịnh ""Vu Sơn lộc trường"" (Bãi hươu ở núi Vu Sơn), làm cảnh thứ 11 của Quảng Ngãi."
q6_page_477-0019,Núi Vân Phong:
q6_page_477-0020,"ở ngoài nguồn Thanh Cù về phía tây nam huyện Bình Sơn, hình thế chót vót, như chọc tầng mây, tầng lớp quanh co, đứng xa mà trông, tươi sáng mà biếc mỡ, như sắc trỡi mới sáng."
q6_page_477-0021,"Núi ở trong đất Man, vết chân người ít khi đi đến."
q6_page_477-0022,"Tập Mười cảnh ở Quảng Ngãi, có một đề là ""Vân Phong dạ vũ"" (Mưa đêm ở núi Vân Phong), tức là núi này."
q6_page_478-0001,Núi Sâm Hội:
q6_page_478-0002,"ở cách huyện Bình Sơn 70 dặm về phía đông nam, trên núi gồ chồm đứng sũng, người ta lên núi giậm chân hoặc đấn cây đều nghe có tiếng âm âm như sấm, nên tục gọi núi Thanh Thanh."
q6_page_478-0003,Núi có sản xuất thổ sâm.
q6_page_479-0001,Núi Ba Bi:
q6_page_479-0002,"ở cách huyện Bình Sơn 12 dặm về phía bắc, ở chỗ đường rẽ nổi vọt lên 5, 6 ngọn, chạy dài quanh co, chỗ lõm ở giữa có mấy chục mẫu ruộng, dưới có nước khe tưới ruộng rất tiện, duy cái gò phía nam có đường đá, khi nước khe đầy thì tràn qua đường đá mà chảy ra."
q6_page_479-0003,Các ruộng ở ngoài núi cũng nhờ khe mà được tudi.
q6_page_479-0004,Núi Trấn Công:
q6_page_479-0005,ở cách huyện Chương N ghữa 12 dặm về phía bắc.
q6_page_479-0006,"Phía bắc núi kề sông Trà Khúc cây cối xanh rờn, phía đông có đền thờ Trấn Công họ Bùi nên gọi tên thế."
q6_page_479-0007,"Tương truyền dưới núi có động nước' thông. với đầm Trà, có một con cá lớn bằng cái thuyền mỗi khi quẫy tiếng vang như sấm gặp năm hạn đến cầu đảo, liền thấy ứng nghiệm."
q6_page_479-0008,Núi La Vọng:
q6_page_479-0009,"ở cách huyện Bình Sơn 30 dặm về phía đông nam, đất sản nhiều sâm tốt."
q6_page_479-0010,Núi phủ Bách:
q6_page_479-0011,ở cách uyên Bình Sơn 20 0đặm. về phía đông nam.
q6_page_479-0012,Núi Trà Sơn:
q6_page_479-0013,"ở cách huyện B Bình Sơn 26 dặm về phía đông nam. ""Núi Đồng Vinh:"
q6_page_479-0014,ở cách huyện!
q6_page_479-0015,"Bình Son 20 dặm vé phía đông nam, gần núi có Vệ thành Tam Ti xưa."
q6_page_479-0016,Núi Hàm Giang:
q6_page_479-0017,ở cách huyện Bình Sơn 22 dặm về phía đông nam.
q6_page_480-0001,Núi A Linh:
q6_page_480-0002,"ở cách huyện Bình Sơn 27 dặm về phía đông nam, hình thế cao dốc, xung quanh lẫn lộn đất và cát, có sản nhiều sâm tốt."
q6_page_480-0003,Núi Giao Sơn:
q6_page_480-0004,ở cách huyện Bình Sơn 19 dặm về phía nam.
q6_page_480-0005,Núi Động Đàn:
q6_page_480-0006,ở cách huyện Bình Sơn 17 dặm về phía nam.
q6_page_480-0007,Núi Xuân An:
q6_page_480-0008,"ở cách huyện Bình Sơn 60 dặm về phía đông nam, thế núi cao vót, cây cối um tùm, người ta đẵn gỗ trong núi, tiếng vang ra ngoài nghe như tiếng trống."
q6_page_480-0009,Núi Thổ Sơn:
q6_page_480-0010,ở cách huyện Bình Sơn 22 dặm về phía nam.
q6_page_480-0011,Núi Vũ Sơn:
q6_page_480-0012,"ở cách huyện Bình Sơn 29 dặm về phía nam, hình núi chót vót, phía nam gần núi Thổ Sơn."
q6_page_480-0013,Núi Viên Kiệu:
q6_page_480-0014,"ở cách huyện Bình Sơn 17 dặm về phía nam, nổi vọt lên ở quãng đất bằng, hình tròn như cái chuông úp."
q6_page_480-0015,Núi Tam Phái:
q6_page_480-0016,"ở cách huyện Bình Sơn 7 dặm về phía nam, hình núi ba đợt thấp xuống, ba đợt nổi cao, tục gọi ""đường rừng Ba gò"", cây cối um tùm, cỏ tranh rậm rạp, trộm cướp và hùm beo hay nấp ở đây, người đi phải đề phòng."
q6_page_480_481-0001,"Ngạn ngữ có câu: ""Cách sông khó lội, phải đợi đi đò, cách đường Ba gò, phải cùng nhau di"", là chi chỗ này."
q6_page_481-0001,"Đời Gia Long, Tả quân Lê Văn Duyệt mở cuộc sin bắn lớn ở đây được rất nhiều cọp; lại bắt dân phát hết cỏ tranh nay đã hơi yên, cạnh rừng đã lắc đác có người Ở."
q6_page_481-0002,Núi Châu Nhai:
q6_page_481-0003,ở cách huyện Bình Sơn: 22 dặm. về phía tây nam.
q6_page_481-0004,"Núi Liên Trì ở cách huyện Bình Sơn 7 dặm về phía nam, thế núi cao đốc, tục gọi là núi 1 Chop Long."
q6_page_481-0005,Núi Tấn Sơn:
q6_page_481-0006,"ở cách huyện Bình Sơn 7 dặm về phía nam, nay đổi tên là núi Tiêu Son."
q6_page_481-0007,Núi Phượng Hoàng:
q6_page_481-0008,ở cách huyện Bình Sơn 19 dặm về phía đồng nam.
q6_page_481-0009,Núi Trường Tẩu:
q6_page_481-0010,"ở cách huyện Bình Sơn 1 1 dặm vé phia d6ng nam, phia đông c ó núi Mông Sơn, phía tây gần núi Tấn Sơn."
q6_page_481-0011,"""Núi Trung Sơn: ở cách huyện Bình Sơn chừng 1 dặm về phía đông nam, tục gọi núi PhốTiên."
q6_page_481-0012,"Núi chia làm nhánh, về phía đông bắc đứng sững trên bờ biển, về phía tả núi là chỗ phát nguyên của nước khe, vì bên ngoài có núi cát chắn ngang, nên nước không chảy về phía đông mà chảy ngược về phía tây nam, rồi lại quanh chảy về phía đông, về phía hữu núi, nước khe chảy vào sông Châu Tử, sản những son và sâm tốt."
q6_page_482-0001,Núi Phú Nhiéu:
q6_page_482-0002,ở cách huyện Bình Sơn 21 dặm về phía đông nam.
q6_page_482-0003,Núi Điệp Sơn:
q6_page_482-0004,ở cách huyện Bình Sơn 25 dặm về phía đông nam.
q6_page_482-0005,Núi Hoà Sơn:
q6_page_482-0006,ở cách huyện Bình Sơn 14 dặm Núi Tổng Bồ:
q6_page_482-0007,ở cách huyện Bình Sơn 16 dặm.
q6_page_482-0008,Núi Bạch Mi:
q6_page_482-0009,ở cách huyện Bình Sơn 10 dặm về phía nam.
q6_page_482-0010,Núi Hắc Thạch:
q6_page_482-0011,ở cách huyện Bình Son 16 dặm Núi Qui Sơn:
q6_page_482-0012,ở cách huyện Bình Sơn 12 dặm Núi Điệp Thạch:
q6_page_482-0013,"ở cách huyện Bình Sơn 16 dặm về phía nam, thế núi cao vót, phía tây núi có chùa gọi là chùa Long Hưng."
q6_page_482-0014,Núi Tân An:
q6_page_482-0015,"ở cách huyện Bình Sơn 34 dặm về phía tây nam, gần về phía đông có núi Thổ Sơn và núi Hương Trà."
q6_page_482-0016,Núi Tân Minh:
q6_page_482-0017,"ở cách huyện Bình Sơn 12 dặm về phía tây, thế núi cao, đá lởm chởm."
q6_page_483-0001,Núi Cấm:
q6_page_483-0002,"ở cách huyện Bình Son 2 dặm phía nam, là núi án của huyện, cây cối xanh tốt, cấm dân. không được hái củi, nên gọi tên thế."
q6_page_483-0003,Núi Kiếm:
q6_page_483-0004,"ở cách huyện Bình Sơn 13 dặm về phía tây, hình như thanh kiếm, nên gọi tên thế. Nii Trì Bình:"
q6_page_483-0005,"ở cách huyén Bình Sơn 20 dặm về phía bắc, tục gọi núi Địa Đầu, gần về phía nam núi này có núi Kiều và núi Đâu."
q6_page_483-0006,"""Núi Xuân An: ở cách huyện Bình Sơn 8 dặm về phía nam."
q6_page_483-0007,Núi An Lộc:
q6_page_483-0008,"ở cách huyện Bình Sơn 10 dặm về phía dong nam, phia td va phia hữu gò đóng gập Núi Yến:"
q6_page_483-0009,"ở cách huyện Bình Sơn 22 dặm về phía đông, gần về phía bắc có mũi Tổng Binh."
q6_page_483-0010,Núi An Hoà:
q6_page_483-0011,"ở cách huyện Bình Sơn 15 dặm về phía đông, thế núi cao đốc, có sông ba mặt quanh chân núi."
q6_page_483-0012,Núi Phúc Thuận:
q6_page_483-0013,"ở cách huyện Bình Sơn 2 dặm về phía đông bắc, tục gọi núi Hang Én, gần về phía bắc có núi Điệp Thạch."
q6_page_483-0014,Núi Tam Thai:
q6_page_483-0015,"ở cách huyện Bình Sơn 8 dặm về phía đông, đất núi sắc đỏ như son, đứng ở phía đông và phía tây mà rong thi thấy ba. ngọn bằng phẳng va tròn, nên gọi tên núi là Tam Thai."
q6_page_483-0016,Đứng ở phía nam và phía bắc mà trông thì giống hai con voi giao đấu với nhau nên lại gọi là Tượng Sơn.
q6_page_483-0017,Núi An Hải:
q6_page_483-0018,"ở cách huyện Bình Sơn 37 dặm về phía bắc, phía đông núi có cồn cát sát bãi biển, hình tròn như cái mâm."
q6_page_483-0019,Núi Nhự Tiên:
q6_page_483-0020,ở cách huyện Bình Sơn 20 dặm. về phía bắc.
q6_page_483-0021,Phía bắc núi là địa giới tỉnh Quảng Nam là thủ giới của lũy dài.
q6_page_483-0022,Núi Kiền Kién:
q6_page_483-0023,ở phía tây huyện Bình Sơn ngoài lũy dài 2 dặm.
q6_page_483-0024,Núi Gió:
q6_page_483-0025,"ở phía tây huyện Bình Sơn, ngoài lũy dài 3 dặm."
q6_page_483-0026,Núi Bắc Lý:
q6_page_483-0027,"ở phía tây huyện Bình Sơn, ngoài lũy dài 2 dặm."
q6_page_483-0028,Núi Mộ Nỗ:
q6_page_483-0029,"ở phía tây cửa biển Sa Kỳ, huyện Bình Sơn, tục gợi gò Nó."
q6_page_483_484-0001,"Xét Lê Sử, thì vua Lê Thánh Tông đi đánh Chiêm Thành, chúa Chiêm Thành sai em là Thị Nại đem quân lẻn đến sát ngự dinh, nhà vua mật sai bọn Tả du kích tướng quân Lê Hi Cát đem chu sư ngầm vào cửa biển Sa Kỳ đắp thành lũy để chặn đường về của giặc, người Chiêm không biết."
q6_page_484-0001,"Khi đại binh đến, giặc thấy ngự dinh tan vỡ, toan chạy về thành Chà Bàn, khi đi đến núi Mộ Nô, bỗng thấy toán quân Hi Cát chặn đường, bèn trèo núi chạy trốn""."
q6_page_484-0002,Mộ Nô tức là núi
q6_page_485-0001,Mộ NO ngày nay.
q6_page_485-0002,Núi Long Phượng:
q6_page_485-0003,"ở cách huyện Mo Đức 7 dặm về phía đông, một dải núi bằng đất, gần phía đông có núi Phúc Lộc, gần phía tây có núi An Nghĩa."
q6_page_485-0004,Núi Na:
q6_page_485-0005,ở cách huyện Mộ Đức 8 dặm về phía nam.
q6_page_485-0006,Núi Sơn Diễm:
q6_page_485-0007,ở cách huyện Mộ Đức 5 dặm về phía nam.
q6_page_485-0008,Núi Cô Sơn:
q6_page_485-0009,"ở cách huyện Mộ Đức 7 dặm về phía nam, hình núi cao vót đứng một mình, nên gọi tên thế."
q6_page_485-0010,Núi Phú Lộc:
q6_page_485-0011,ở cách huyện Mộ Đức 8 dặm về phía nam.
q6_page_485-0012,Núi Hoành Sơn:
q6_page_485-0013,"ở cách huyện Mộ Đức 16 dặm về phía nam, phía đông gần núi Thạch Tân."
q6_page_485-0014,Núi Dương Sơn:
q6_page_485-0015,"ở cách huyện Mộ Đức 18 dặm về phía tây nam, hình núi cao đốc, gần về phía nam có núi Na Sơn."
q6_page_485-0016,Núi Chân Mi:
q6_page_485-0017,"ở cách huyện Mộ Đức 8 dặm về phía tây nam, phía tây bắc núi cóhổ sen."
q6_page_485-0018,Núi Tam Tùng:
q6_page_485-0019,"ở cách huyện Mộ Đức 28 dặm về phía tây nam, thế núi cao vót, có nhiều ác thd."
q6_page_486-0001,Núi Toàn Thắng:
q6_page_486-0002,ở cách huyện Mộ Đức 14 dặm về phía nam.
q6_page_486-0003,Núi Lịch Sơn:
q6_page_486-0004,ở cách huyện Mộ Đức 20 dặm về phía tây nam.
q6_page_486-0005,Núi Quang Hiện:
q6_page_486-0006,"ở cách huyện Mộ Đức 18 dặm về phía tây nam, tục gọi núi Lò Rèn, gần về phía nam có núi Độc Động."
q6_page_486-0007,Núi Vi Trường:
q6_page_486-0008,"ở cách huyện Mộ Đức 23 dặm về phía tây nam, lại có tên nữa là núi Vạn Lộc, gần về phía nam có năm ngọn núi liền nhau."
q6_page_486-0009,Núi Bàn Thạch:
q6_page_486-0010,ở cách huyện Mộ Đức 36 dặm về phía tây.
q6_page_486-0011,Núi Tú Sơn:
q6_page_486-0012,"ở cách huyện Mộ Đức về phía nam thế núi cao vót, đẹp đẽ dễ yêu."
q6_page_486-0013,Núi Bạch Thạch:
q6_page_486-0014,"ở cách huyện Mộ Đức 27 dặm về phía nam, sắc đá trắng toát, hình thế cao đốc."
q6_page_486-0015,Núi Hoa Chiểu:
q6_page_486-0016,ở cách huyện Mộ Đức 41 dặm về phía nam.
q6_page_486-0017,Núi Long Cốt:
q6_page_486-0018,"ở cách huyện Mộ Đức 27 dặm về phía nam, gần về phía bắc có núi Mang Đầu."
q6_page_486-0019,Núi Dương Thượng:
q6_page_486-0020,"ở cách huyện Mộ Đức 44 dặm về phía nam, ở gần về phía nam có núi Hoành Sơn."
q6_page_487-0001,Núi Lâm An:
q6_page_487-0002,ở cách huyện Mộ Đức 48 dặm về phía nam.
q6_page_487-0003,Núi Dương Hạ:
q6_page_487-0004,ở cách huyện Mộ Đức 25 dặm về phía đông nam.
q6_page_487-0005,Núi Mỹ Trang:
q6_page_487-0006,ở cách huyện} Mộ Đức 16 dặm về phía nam.
q6_page_487-0007,Núi Bình An:
q6_page_487-0008,"ở cách huyện Mộ Đức 40 dặm về Núi Phi Chiêu: cách huyện Md Đức 52 dặm về phía đông nam, có sông chảy quanh chân núi."
q6_page_487-0009,Núi Bảo Truyền:
q6_page_487-0010,ở cách huyện Mộ Đức 47 dặm về phía đông nam.
q6_page_487-0011,Núi Lộ Bôi:
q6_page_487-0012,ở cách huyện Mộ Đức 55 dặm lệch về phía nam.
q6_page_487-0013,"Năm Nhâm Tuất, Lê Văn Duyệt đem quân tiến đánh quân Tây Sơn, bắt được ngụy Đô đốc là Châu Hữu Mỹ ở Lộ Bôi, tức là núi nầy."
q6_page_487-0014,Núi Thanh Hảo:
q6_page_487-0015,ở cách huyện Mộ Đức 53 dặm Núi Vĩnh Tuy:
q6_page_487-0016,"ở cách huyện Mộ Đức 66 dặm Núi Đầu Ngựa: tức Mã Đầu ở cách huyện Mộ Đức 70 dặm về phía đông, thế núi chỗ lên chỗ xuống hình như đầu ngựa, nên gọi tên thế."
q6_page_488-0001,Núi Thanh Sơn:
q6_page_488-0002,ở cách huyện Mộ Đức 66 dặm về phía đông nam.
q6_page_488-0003,Núi Cát Sơn:
q6_page_488-0004,ở cách huyện Mộ Đức 67 dặm về phía đông nam.
q6_page_488-0005,Núi Lộc Long:
q6_page_488-0006,ở cách huyện Mộ Đức 67 dặm về phía đông nam.
q6_page_488-0007,Núi La Bích:
q6_page_488-0008,"ở cách huyện Mộ Đức 76 dặm về phía đông nam, gần núi có đầm cũng gọi là đầm La Bích."
q6_page_488-0009,Núi Pong Phú:
q6_page_488-0010,ở cách huyện Mộ Đức 64 dặm Núi Độc Sơn:
q6_page_488-0011,ở cách huyện Mộ Đức 64 dặm về phía đông nam.
q6_page_488-0012,Núi Sa Băng:
q6_page_488-0013,"ở thôn An Khương huyện Mộ Đức về phía đông có núi đất dân đội Sa Băng ở vòng quanh chân núi, bên cạnh có lũy cũ, gọi là đồn Sa Băng, hồi đầu trung hưng, thường đóng quân và chứa lương ở đây."
q6_page_488-0014,"Gần về phía tây có núi Đảo Sơn, nhiều đá to, cây cối thưa thớt."
q6_page_488-0015,Đèo Cung Quang: ở cách huyện Mộ Đức 89 dặm về phía đông nam.
q6_page_488-0016,Núi Diên Trường:
q6_page_489-0001,Mỹ Nhai.
q6_page_489-0002,"Từ chân núi đến đỉnh núi, bậc đá gỗ ghê."
q6_page_489-0003,"Tương truyền, trước có sư tên là Hiến lấy đá lát đường, tiện cho hành khách."
q6_page_489-0004,"Từ đỉnh núi trở xuống, hình núi kéo dài, phía đông có ngả đường đến thủ sở Hoàng Sa, phía nam đến phường Tân An, hình thế năm đợt xuống, năm đợt lên."
q6_page_489-0005,"Hồi đầu bản triều, Nội tán Nguyễn Khoa Đăng chia địa giới Quảng Ngãi và Bình Định lập cột mốc ở đây, nay vẫn còn dấu vết."
q6_page_489-0006,Núi Nam Châm:
q6_page_489-0007,ở cách huyện Bình Sơn 25 dặm về phía nam.
q6_page_489-0008,"Núi kể sát bãi biển làm mũi Nam Châm, gần về phía bắc có mũi Đầu Ngựa, phía nam gần mũi Tổng Binh."
q6_page_489-0009,"Đỉnh núi rất cao, thuyền nước Thanh đi về phương Nam, lấy làm tiêu chí."
q6_page_489-0010,Hòn Cổ:
q6_page_489-0011,ở cách huyện Bình Sơn 73 dặm về phía đông Nam. Cù Lao Ré (Lý):
q6_page_489-0012,"ở giữa biển, cách huyện Bình Sơn 65 dặm về phía đông, xung quanh nổi cao, ở giữa trũng xuống ước mấy chục mẫu, nhân dân 2 phường Vĩnh An và An Hải ở tại đấy."
q6_page_489-0013,"Phía đông đảo có động, trên động có chùa mấy gian, có giường đá, kỉ đá, hai bên hữu động có giếng, nước trong ngọt, xung quanh cây cối tốt tươi, khi có giặc biển, thì dân phường ẩn núp ở đấy."
q6_page_489-0014,Đất sản nhiều lạc và ngô.
q6_page_490-0001,Đảo Hoàng Sa:
q6_page_490-0002,ở phía đông cù lao Ré huyện Bình Sơn.
q6_page_490-0003,"Từ bờ biển Sa Kỳ đi thuyền ra, thuận gió thì độ ba bốn ngày đêm có thể đến nơi."
q6_page_490-0004,"Có đến hơn 130 đảo nhỏ cách nhau hoặc một ngày đường, hoặc mấy trống canh."
q6_page_490-0005,"Trong đảo có bãi cát vàng, liên tiếp kéo dài không biết hàng mấy ngàn dặm, bằng phẳng, rộng rãi, tục gọi ""Vạn lý trường sa"", nước rất trong, trên bãi có giếng nước ngọt, chim biển tụ tập không biết cơ man nào."
q6_page_490-0006,"Sản nhiều ốc hoa, hải sâm, đổi mổi, vích, cùng những hàng hoá của thuyền người Thanh bị bão, trôi giạt vào đấy."
q6_page_490-0007,"Hồi đầu bản triều, đặt đội Hoàng Sa, có 70 người, lấy dân xã An Vĩnh sung vào, hàng năm, cứ tháng 3, là ra biển tìm kiếm hải vật, đến tháng 8, thì do cửa biển Tư Hiền về nộp, lại đặt đội Bắc Hải, do đội Hoàng Sa kiêm quản, để đi lấy hải vật ở các đảo."
q6_page_490-0008,"Phía đông đảo Hoàng Sa gần phủ Quỳnh Châu đảo Hải Nam nước Thanh, đầu đời Gia Long phỏng theo lệ cũ đặt đội Hoàng Sa, sau lại bỏ."
q6_page_490-0009,"Đầu đời Minh Mệnh, thường sai người đi thuyền công đến đấy thăm dò đường biển, thấy một nơi có cồn cát trắng chu vi 1.070 trượng, cây cối xanh tốt, giữa cồn cát có giếng, phía tây nam cồn có ngôi miếu cổ, không rõ dựng từ thời nào, có bia khắc bốn chữ ""Vạn lý ba bình"" (muôn dặm sóng yên)."
q6_page_490-0010,"Đảo này xưa gọi là núi Phật Tự, phía đông và phía tây đảo đều là đá san hồ, mọc vòng quanh ở mặt nước."
q6_page_490-0011,"Về phía tây bắc tiếp với đá san hồ nổi lên một côn chu vi 340 trượng, cao 1 trượng 2 thước ngang với côn cát, gọi là đá Bàn Than."
q6_page_490-0012,"Năm Minh Mệnh thứ 16, sai thuyền công chở gạch đá đến đấy xây đền, dựng bia đá ở phía tả đền để ghi dấu và tra hột các thứ cây ở ba mặt tả hữu và sau."
q6_page_490-0013,Binh phủ đắp nền miếu đào được lá đồng và gang sắt có đến hơn 2.000 cân.
q6_page_491-0001,Sông Trà Khúc:
q6_page_491-0002,"ở cách huyện Chương Nghĩa 8 dặm về phía bắc, bờ phía bắc sông là đất huyện Bình Sơn."
q6_page_491-0003,"Sông nguồn ra từ núi Man ở ngoài lũy dài, chảy về đông qua nguồn Thanh Cù, lại chảy về đông bắc 10 dặm qua trại Kim Thành, chuyển chảy về đông bắc 10 dặm qua trại Phúc Lâm, lại 4 dặm qua trại An Mỹ, lại 4 dặm qua thôn Diên Niên, lại 6 dặm qua thôn Phúc Lộc, lại 3 dặm qua thôn Chiêu Lộc, lại chuyển sang đông nam 3 dặm qua xã Thu Phố, lại quặt chảy sang đông bắc 4 dặm đến xã An Nhân, lại chảy sang đông 20 dặm rồi đổ ra cửa biển Đại Cổ Lũy."
q6_page_491-0004,"Năm Tự Đức thứ 3 liệt vào hàng sông lớn, ghi vào điển thờ."
q6_page_491-0005,Sông Vệ:
q6_page_491-0006,"ở cách huyện Chương Nghĩa 18 dặm về phía nam, nguồn ra từ núi Đồng Khố tỉnh Bình Định, chảy về phía bắc nguồn An Ba, lại chảy sang đông bắc 48 dặm qua xã Long Phượng, lại 3 dặm qua xã An Mạc, lại 12 dặm, rồi đổ ra cửa biển Đại Cổ Lũy."
q6_page_491-0007,"Năm Minh Mệnh đúc cửu đính, khắc hình tượng vào Dụ đỉnh."
q6_page_492-0001,Song Phúc Hậu:
q6_page_492-0002,"ở cách huyện Chương Nghĩa 12 dặm về phía tây nam, nguồn ra từ núi Trường Hoà, chảy về đông bắc chia thành hai nhánh: một nhánh từ sông xã Phúc Hậu chảy về phía đông 8 dặm qua xã Thu Phố lại chia thành hai, một dòng chảy về phía đông 12 dặm qua xã Nhu Năng và một dòng chảy về phía đông bắc qua ly sở huyện Chương Nghĩa, lại chảy chuyển sang phía đông 8 dặm thì hợp vào ngã ba Nha Năng; một nhánh từ sông xã Phúc Hậu chảy về phía đông bắc 36 dặm, rồi đổ vào sông Vệ."
q6_page_492-0003,Sông Châu Tử:
q6_page_492-0004,"ở cách ly sở huyện Bình Sơn chừng 10 trượng, trước tên là sông Châu Ố, nguồn ra từ Thanh Bồng, chảy về phía đông 65 dặm qua thôn Giao Thủy, lại sang phía đông bắc 5 dặm qua xã Mỹ Huệ, lại 8 dặm nữa qua thôn Tân An, lại 1 dặm nữa qua ấp Chỉ Tượng, rồi đổ ra cửa biển Thái Cần."
q6_page_492-0005,Sông Trà Câu:
q6_page_492-0006,"ở cách huyện Mộ Đức 37 dặm về phía nam, nguồn từ núi Bàn Thạch, chảy về phía đông nam 11 dặm qua ấp Chỉ Thất, lại chảy sang phía. đông 2 dặm qua thôn Hoa Chiểu, lại 10 dặm đến ấp Du Xuyên, lại 6 dặm nữa rồi đổ ra cửa biển Mỹ Ý."
q6_page_493-0001,Sông Phi Chiêu Đông:
q6_page_493-0002,"Ở cách huyện Chương Nghĩa 52 dặm về phía đông nam, nguồn từ khe Tân Định, chảy về phía đông 18 dặm qua thôn Phi Chiêu Đông, đến đây thì chia làm 2 nhánh: một nhánh chảy về phía nam 7 dặm làm thành đầm Lâm Đăng, nhánh còn lại chảy về phía đông bắc 5 dặm đến thôn Đông An, lại chảy 3 dặm rồi đổ ra cửa biển Mỹ Ý."
q6_page_493-0003,"Khe Kim Thành ở cách huyện Bình Sơn 37 dặm về phía tây nam, nguồn từ sơn phận thôn Trường Giang chảy về phía đông nam 9 dặm, rồi đổ vào sông Vệ."
q6_page_493-0004,Khe Diên Niên:
q6_page_493-0005,"ở cách huyện Bình Sơn 20 dặm về phía nam, nguồn từ núi Viên Sơn, chảy về phía đông nam 4 dặm, rồi đổ vào sông Trà Khúc."
q6_page_493-0006,Khe Phúc Lộc:
q6_page_493-0007,"Ở cách huyện Bình Sơn 31 dặm về phía nam, nguồn từ núi Châu Nhai, chảy về phía đông 21 dặm rồi đổ vào sông Trà Khúc."
q6_page_493-0008,Khe Chiêu Lộc:
q6_page_493-0009,"ở cách huyện Bình Sơn 29 dặm về phía nam, từ sông Trà Khúc chảy về phía bắc 12 dặm qua xã Phong Đăng, rồi hợp lưu vào ngã ba Phú Nhân, chảy 12 dặm qua thôn Tân An, lại chảy 12 dặm qua xã Mỹ Khê Đông, lại 12 dặm rồi đổ ra cửa biển Sa Kỳ."
q6_page_494-0001,"bắc 5 dặm qua xã Phong Đăng, rồi hợp lưu vào ngã ba Chiêu Lộc đổ ra cửa biển Sa Kỳ."
q6_page_494-0002,Khe Giao Thủy:
q6_page_494-0003,"ở cách huyện Bình Sơn 6 dặm về phía đông, nguồn từ phía đông núi Phố Tiên, chảy về phía tây nam 11 dặm qua thôn Phú Yên, lại chảy về phía bắc 23 dặm, rồi đổ vào sông Châu Tử."
q6_page_494-0004,Khe Mỹ Huệ:
q6_page_494-0005,"ở cách huyện Bình Sơn 9 dặm về phía đông bắc, nguồn từ núi Thị Đâu, chảy về phía đông nam 10 dặm, rồi đổ vào sông Châu Tử."
q6_page_494-0006,Khe Tân An:
q6_page_494-0007,"ở cách huyện Bình Sơn 16 dặm về phía đông bắc, nước từ đồng ruộng xã Trì Bình chảy về phía đông 3 dặm rồi đổ vào sông Châu Tử."
q6_page_494-0008,Khe Trung Sơn:
q6_page_494-0009,"ở cách huyện Bình Sơn 9 dặm từ phía tây núi Phố Tiên, chảy về phía bắc 5 dặm rồi hợp vào ngã ba Giao Thủy."
q6_page_494-0010,"Lại có ngòi Côn Mông phát nguồn từ núi Lệ Thủy, chảy về phía tây bắc."
q6_page_494-0011,"7 dặm, đều đổ vào sông Châu Tử."
q6_page_494-0012,Khe Chỉ Tượng:
q6_page_494-0013,"ở cách huyện Mô Đức 25 dặm về phía nam, có hai nguồn: một nguồn từ núi ở ngoài lũy dài đồn Thanh Thúy, một nguồn từ núi ngoài lũy dài đồn Phú Hoà, đều chảy về phía đồng bắc 5 dặm qua thôn An Lâm, thì hợp làm một, rồi chảy về phía đông bắc 4 dặm đổ vào sông Trà Câu."
q6_page_494-0014,"Hồ Sen: ở cách huyện Mộ Đức 39 dặm về phía nam, có hồ rộng vài ba mẫu thuộc địa phận xã Liên"
q6_page_495-0001,"Chiếu, hình tròn như mặt trăng, sen mọc xanh tốt, trước kia, dân xã hàng năm phải nộp hạt sen, gần đây sen ít dần."
q6_page_495-0002,"Nước hồ chảy ra đồng ruộng thôn Hoa Chiếu rồi chảy về phía nam 6 dặm, đổ vào sông Trà Câu."
q6_page_495-0003,"Tập Mười cảnh ở Quảng Ngãi của Nguyễn Cư Trinh có một đề là ""Liên trì dục nguyệt"" (Hồ sen tắm trăng), tức là hồ này."
q6_page_495-0004,Khe Đông An:
q6_page_495-0005,"ở cách huyện Chương Nghĩa 4 dặm về phía đông nam, nguồn ra tự đồng ruộng thôn Thân, chảy về phía đông nam 9 dặm, đổ vào sông Phi Chiêu Đông."
q6_page_495-0006,Khe Phú Mỹ:
q6_page_495-0007,"ở cách huyện Chương Nghĩa 11 dặm về phía đông nam, nguồn từ núi Long Bàn, chảy về phía đông 9 dặm, qua xã Nhu Năng lại chảy sang phía đông nam 2 dặm, đổ vào sông Vệ."
q6_page_495-0008,Khe Tung:
q6_page_495-0009,"ở trại Truyền Tung huyện Bình Sơn, nguồn từ trong núi chảy ra, vượt qua tảng đá to mà chảy xuống thành suối bay, dưới đá có vực sâu."
q6_page_495-0010,"Tương truyền vực có con cá lớn như bánh xe, nếu nắng lâu mà thấy cá quầy đuôi như tiếng sấm thì liền có mưa, nếu mưa lâu mà cá quầy đuôi, thì liền tạnh, người địa phương thường lấy đấy mà nghiệm nắng mưa."
q6_page_495-0011,"Gặp năm đại hạn, người ta thường lấy cỏ độc vất xuống vực để bả cá, cũng thường được mưa."
q6_page_495-0012,Nước khe đổ vào sông Châu Tử.
q6_page_496-0001,Khe Cống Đá:
q6_page_496-0002,"ở phía tây huyện Bình Son nguồn ra từ sơn phận trại An Hoà, nước ở trong núi chảy ra, có những viên đá như hình quả bưởi nước rất trong."
q6_page_496-0003,"Dưới cầu đá thì nước sâu thẳm, hai bên núi dựng ở giữa có một phiến đá lớn, bị nước xói khoét thành ba lỗ, có thể trèo qua mà sang nhưng vì dòng nước chảy xiết, tục truyền người và thú trèo qua hay chết."
q6_page_496-0004,"Trên mặt phiến đá có vết lõm in sâu vào đá đến một thước, to bằng cái thúng đầu tròn và nhọn như vết ngón chân."
q6_page_496-0005,"Tương truyền đấy là vết chân của đạo sĩ Không Lộ, hoang đường không tin được."
q6_page_496-0006,"Kênh La Hà: ở phía tây huyện Chương Nghĩa nguồn ra từ sông Cù Uân, chảy về phía đông 35 dặm đổ vào sông Vệ."
q6_page_496-0007,Hàng năm về mùa xuân mùa hạ dân địa phương hay đắp đập để dẫn nước vào ruộng.
q6_page_496-0008,"Phía nam từ đá núi Cổ Sơn chảy ra một dòng, đá dựng la liệt, qua xã La Hà thì kệnh sâu mà chảy thẳng về phía bắc đến Hổ Sơn đường, đá bày ngang dọc như bàn cờ."
q6_page_496-0009,"Tập Muoi cảnh ở Quảng Ngãi, có một đề là ""La Hà thạch trận"" (Trận: đá ở kênh La Hà) tức là kênh này."
q6_page_496-0010,"Kênh An Hà: ở huyén Chương Nghĩa, nguồn ra từ sông Cu Uân, nước trong và ngọt; hàng năm về mùa xuân mùa hạ, dân sở tại đắp đập để dẫn nước vào ruộng."
q6_page_497-0001,"Mỹ Thịnh, một ở trại Hội An, huyện Mộ Đức có một xứ ở xã Hương Thủy."
q6_page_497-0002,"Năm xứ này nước đều nóng như đun sôi, đem gà vịt bỏ xuống có thể làm lông được, chỗ nào nước tràn ra cây cỏ đều khô héo."
q6_page_497-0003,Dân sở tại đắp bờ để ngăn dòng nước vì ghét nước có mùi tanh.
q6_page_497-0004,Vũng Thanh Thủy:
q6_page_497-0005,"ở thôn Thanh Thủy, huyện Bình Sơn. Vũng Tàu:"
q6_page_497-0006,"ở xã Châu My, huyện Bình Sơn. Vũng Quýt:"
q6_page_497-0007,"ở thôn Lôi Diêm, huyện Bình Sơn. Vũng An Vĩnh:"
q6_page_497-0008,"ở ấp An Vĩnh, huyện Bình Sơn."
q6_page_497-0009,"Bốn vũng này trên bờ đều có giếng nước ngọt và rừng, tàu thuyền đi lại thường đậu ở đấy để lấy củi nước. cổ tích Thành cổ Châu Sa: ở xã Châu Sa huyện Bình Sơn."
q6_page_497-0010,Chu vi hơn 5 mẫu 5 sào.
q6_page_497-0011,Tương truyền có hai thuyết: một thuyết nói là thành Đại La của nước Chiêm Thành; có thuyết nói là Vệ Thành của Tam ty đời Lê.
q6_page_497-0012,Chưa rõ thuyết nào đúng.
q6_page_497-0013,"Thành cổ Xuân Quang: ở thôn Xuân Quang huyện Chương Nghĩa, thành đắp bằng đất, cao chừng 5 thước, đông tây 53 trượng, nam bắc 92 trượng, nền cũ vẫn còn."
q6_page_497-0014,"Tương truyền là do Trấn Nam dinh Quang Chiếu Vương đắp, thành có đền dân sở tại thờ."
q6_page_498-0001,Thành cổ Bình Sơn:
q6_page_498-0002,"ở phía tây các trại An Hoà và Kim Thành huyện Bình Sơn, đồng nội rộng rãi, dân cư đều là người Man."
q6_page_498-0003,"Tương truyền thành là ly sở cũ của huyện Bình Dương đời Lê, chỗ gọi là cửa Thượng Nha, nay vẫn còn sót viên đá tảng cột kho."
q6_page_498-0004,Địa điểm này nay ở ngoài lũy dài.
q6_page_498-0005,CỬA QUAN VÀ TẤN SỞ
q6_page_498-0006,Lũy dài Tĩnh Man:
q6_page_498-0007,"ở cách tỉnh thành 23 dặm, phía bắc giáp địa giới huyện Hà Đông tỉnh Quảng Nam, phía nam giáp địa giới huyện Bồng Sơn tỉnh Bình Định, lũy dài 177 dặm."
q6_page_498-0008,"Hồi đầu bản triều, đặt binh sáu đạo để phòng giữ ác man Thạch Bích; năm Gia Long thứ 4, đặt cơ Lục Kiên, theo địa thể các bảo sở mà đắp thêm lũy dài, đặt 27 lân phụ lũy, mỗi lân đặt một cai lân và một phó lân, thay phiên nhau đóng giữ."
q6_page_498-0009,"Năm Minh Mệnh thứ 3 đổi cai lân làm bát phẩm bá hộ, phó lân làm cửu phẩm bá hộ; năm thứ 9 đổi Lục Kiên làm năm cơ Tĩnh Man."
q6_page_498-0010,"Cơ nhất trú phòng 22 bảo là Phú Thọ, Tuy An, Thuận An, Tuấn Lĩnh, Dũng Thủy, Phú Thành, An Lạc, Bảo An, Phú Sơn, Vĩnh Khánh, Phú Lân, Mỹ Sơn, Kiên Thành, Thổ Sơn, Mỹ Bố, Hưng Nhân, Hưng Bình, Phú Xuyên, Phú Nhuận, Lân Đình, An Đình, và Giang Ngạn."
q6_page_498-0011,"Cơ nhị trú phòng 21 bảo là Thanh Bồng, An Viên, Thanh Nguyên, Thạch Bàn, Kiên Giáp, Cao Đôi, Trường Giang, An Sơn, Viên Môn, Bàn Thạch Cầu Giao, Mã Hoàn, Lĩnh Lâm, Hội Vân, Lê Thạch, Nham Thạch, Thạch Phong, Hùng Lĩnh, Chi Trụ, Thanh Khê và Linh Chi."
q6_page_498-0012,"Cơ tam trú phòng 22 bảo, là Kiên Thạch, An Lĩnh, Hùng Thành, Cam Lâm, Tráng Sĩ, Đại Phụ, Phong Nhuệ, Mỹ Lộc, Thanh Thụ, Giảng Vũ, Tú Lĩnh, Thạch Lĩnh, Thạch Lâm, Mỹ Sơn, Trung Phu, Bồng Lai, Củng Cố, Trường Đình, Trường Hoà, Lí Nhân, Tân Long, và Phúc Lộc."
q6_page_498-0013,"Cơ tử trú phòng 25 bảo là Phú Lộc, Ninh Giang, Tài Công, Vũ Giáp, Long Bình, Sơn Chi, Giang Bình, Hoà An, Vạn Niên, Thạch Bì, An Thạch, Lập Thạch, Vĩnh Thạch, Bình An, Tân An, Tân Bình, Mậu Lâm, Bích Khuê, Trúc Lâm, Hùng Nghĩa, Xuân Linh, An Phong, Bình Định, Thạch Lũy và Tam Giang."
q6_page_498-0014,"Cơ ngũ trú phòng 24 bảo là Hoà Dương, Lâm Tùng, Nhân Hoà, Thạch Căn, Thuận Lợi, Thanh Thủy, Mỹ Thịnh, Phú Nhân, Thanh Lê, Lương Tài, An Bài, Vạn Phúc, An Tượng, Trạch Lâm, Liệt Sơn, Hương Thanh, Sơn Quan, An Nhân, Thanh Lâm, Thanh Vân, Phúc Thôn, Tài Thọ, An Dũng và Thanh Trung."
q6_page_498-0015,"Sửa sang trường thành, xây đắp 114 bảo, lấy viên lãnh binh tại tỉnh lãnh việc phòng ngự ác Man, thật là chu đáo."
q6_page_500-0001,"có chỗ giao dịch của nhà buôn với người Man, có đường về phía đông đi đến đồn Đông Dương."
q6_page_500-0002,Đời Gia Long Tả quân Lê Văn Duyệt đi đánh người Man đóng quân ở đây.
q6_page_500-0003,Nguồn Thanh Cù:
q6_page_500-0004,"ở cách huyện Bình Sơn 23 dặm về phía tây, trước gọi là nguồn Cù Bà, đời Minh Mệnh đổi tên hiện nay, có đặt thủ sở."
q6_page_500-0005,Nguồn Phụ An:
q6_page_500-0006,"ở cách huyện Chương Nghĩa 23 dặm về phía tây, trước gọi là nguồn Phụ Bà Dịa đời Minh Mệnh đổi tên hiện nay."
q6_page_500-0007,"Lại có đạo sở là An Điếm, An Nghĩa, An Tân và Hương Thụ, mỗi sở đều đặt thủ ngự.."
q6_page_500-0008,Nguồn An Ba:
q6_page_500-0009,"ở cách huyện Mộ Đức 8 dặm về phía tây, trước gọi là nguồn Ba Tơ, năm Minh Mệnh thứ 2 đổi tên hiện nay."
q6_page_500-0010,"Lại có ba sở Quy Chính Thanh Lâm và Hạ Lương, mỗi sở đều đặt thủ ngự."
q6_page_500-0011,Tấn Thái Cần:
q6_page_500-0012,"ở cách huyện Bình Sơn 10 dặm về phía đông bắc, cửa biển rộng 45 trượng, thủy triều lên sâu 1 trượng, thủy triều xuống sâu 8 thước."
q6_page_500-0013,"Có 2 ghềnh đá, một là ghềnh Ông, một là ghềnh Thạch Bàn, về phía bắc ghềnh Thạch Bàn, cửa lạch rộng nước sâu, tàu thuyền có thể đi lại; về phía nam ghềnh, cửa lạch hẹp, nước cạn tàu thuyền không thể qua lại."
q6_page_500-0014,Phía nam có vụng gọi là vụng Quýt.
q6_page_500-0015,Xét Lê Sử chép vua Lê Thánh Tông đi đánh Chiêm
q6_page_501-0001,"Thành, châu sư từ cửa biển Tân Áp tiến vào cửa biển Thái Cần, tung quân đánh tan quân giặc, tức là cửa biển Thái Cần này."
q6_page_501-0002,Tấn Sa Kỳ:
q6_page_501-0003,"Ở cách huyện Bình Sơn 37 dặm về phía đông nam, cửa biển rộng 145 trượng, thủy triều lên sâu 6 thước, thủy triều xuống sâu 3 thước, có đặt thủ sở."
q6_page_501-0004,"Cửa biển nước sâu ở giữa có ghềnh đá nhô lên mặt nước, đứng xa trông như hình người đứng câu."
q6_page_501-0005,"Người sau tục vinh bài ""Thạch ki điếu tầu"" (ông câu trên ghềnh đá) là cảnh thứ 12 ở Quảng Ngãi."
q6_page_501-0006,"Phía nam ghềnh cửa biển rộng, tàu thuyền có thể đi lại, phía bắc ghềnh cửa biển hẹp, tàu thuyền lớn không thể vào được."
q6_page_501-0007,"Phía nam có vụng An Vĩnh, bên ngoài có trấn sơn."
q6_page_501-0008,"Lại ấp An Hải giáp bãi biển, cát đá bồi lấp thành hình tròn như cái mâm."
q6_page_501-0009,"Tập Mười cảnh ở Quảng Ngãi có một đề là ""An Hải sa bàn"" (mâm cát ở An Hải), tức là chỗ này."
q6_page_501-0010,Tấn Đại Cổ Lũy:
q6_page_501-0011,"ở cách huyện Chương Nghĩa 17 dặm về phía đông bắc, cửa biển rộng 230 trượng, thủy triều lên sâu 14 thước, thủy triều xuống sâu 10 thước, phía nam là cửa biển lớn, nước sâu, cạn, tàu thuyền ra vào đều do đấy; phía bắc là cửa biển nhỏ, tàu thuyền không thông."
q6_page_501-0012,"Có đặt thủ ngự và hiệp thủ, lại lấy dân phụ lũy sung việc trú phòng."
q6_page_501-0013,"Lại thôn Cổ Lũy, phía đông bắc dựa ven bờ biển, phía tây nam giáp là chỗ giao lưu của sông Vệ và sông Trà cách xa làng xóm, trông như ở trong khói nước lờ mờ, là một trong Mười cảnh ở Quảng Ngãi đề là ""Cỗ lũy cô thôn""."
q6_page_501-0014,Dân địa phương làm nghề dệt chiếu và đánh cá.
q6_page_501-0015,Tấn Mỹ Ý:
q6_page_501-0016,"ở cách huyện Mộ Đức 45 dặm về phía đông, cửa biển rộng 8 trượng, thủy triều lên sâu 4 thước, thủy triều xuống sâu 1 thước, có đặt thủ sở."
q6_page_501-0017,"Cửa biển hẹp và cạn, tàu thuyền không thể Tấn Sa Huỳnh: ở cách huyện Mộ Đức 45 dặm về phía đông nam, cửa biển rộng 45 dặm, thủy triều lên sâu 8 thước, thủy triều xuống sâu 5 thước, có đặt thủ sở."
q6_page_501-0018,"Cửa biển hẹp và cạn, tàu thuyền không thể đỗ được."
q6_page_501-0019,"Về phía nam thủ sở có đường đi đến đèo Cung Quăng, giáp địa giới tỉnh Bình Định."
q6_page_502-0001,Tấn Lý Sơn:
q6_page_502-0002,"ở giữa biển, thuộc hải phận huyện Bình Sơn, đối ngọn với tấn Sa Kỳ, có đặt đồn sở để phòng ngự giặc biển."
q6_page_502-0003,NHÀ TRẠM
q6_page_502-0004,Trạm Ngãi Bình:
q6_page_502-0005,"ở xã Trì Bình, huyện Bình Sơn, phía bắc đến trạm Nam Vân tỉnh Quảng Nam 39 dặm linh 131 trượng, phía nam đến trạm Ngãi Lộc 29 dặm linh."
q6_page_502-0006,"Đầu đời Gia Long gọi là trạm Trì Bình, năm Minh Mệnh thứ 3 đổi tên hiện nay."
q6_page_503-0001,Trạm Ngãi Lộc:
q6_page_503-0002,"ở xã Diên Lộc, huyện Binh Sơn, phía nam đến trạm Ngãi Mỹ 13 dặm linh 24 trượng."
q6_page_503-0003,"Đầu đời Gia Long gọi là trạm Diên Lộc, năm Minh Mệnh thứ 3 đổi tên hiện nay Trạm Ngãi Mỹ: ở xã Đông Mỹ, huyện Chương Nghĩa, phía nam đến trạm Ngãi Sơn 31 dặm linh 16 trượng."
q6_page_503-0004,Đầu đời Gia Long gọi là trạm Đông Mỹ năm Minh Mệnh thứ 3 đổi tên hiện nay.
q6_page_503-0005,Trạm Ngãi Sơn:
q6_page_503-0006,"ở xã Tú Sơn, huyện Mộ Đức phía nam đến trạm Ngãi Quán 33 dặm linh 96 trượng."
q6_page_503-0007,"Đầu đời Gia Long gọi là trạm Hoa Sơn, năm Minh Mệnh thứ 3, đổi tên hiện nay (xã Hoa Sơn đổi là Tú Sơn từ năm Thiệu Trị thứ nhất)."
q6_page_503-0008,Trạm Ngãi Quán:
q6_page_503-0009,"ở xã Quán Sứ, huyện Mộ Đức, phía nam đến trạm Binh Đê tỉnh Binh Định 33 dặm lĩnh 42 trượng."
q6_page_503-0010,"Đầu đời Gia Long gọi là trạm Quán Sứ, năm Minh Mệnh thứ 3 đổi tên hiện nay."
q6_page_503-0011,CHỢ VÀ QUÁN
q6_page_503-0012,Chợ Chính Mông:
q6_page_503-0013,"ở gần tỉnh thành, trước gọi Cù Mông, đời Minh Mệnh đổi tên hiện nay."
q6_page_503-0014,Chợ Phú Vang: tục gọi chợ Chùa.
q6_page_503-0015,Chợ Thiết Trường: dân địa phương làm nghề Chợ Xích Thổ: có phố Minh Hương.
q6_page_504-0001,Chợ Thái Hoà (Quán An Đồng): tục gọi quán Quán Phúc Lộc: tục gọi quán Cấm.
q6_page_504-0002,Quán Ba La: tục gọi quán Thị Mít.
q6_page_504-0003,Quán An Hà: tục gọi quán Bầu Dương.
q6_page_504-0004,"Quán Chính Mông: tục gọi quán Điểu Sông ở phía bắc đường quan, gần tỉnh thành."
q6_page_504-0005,Các chợ và quán kể trên đều thuộc huyện Chương Nghĩa.
q6_page_504-0006,Chợ Phú Nhân: tục gọi chợ phường Rượu.
q6_page_504-0007,Chợ Châu Tử: tục gọi chợ Châu Ổ.
q6_page_504-0008,Chợ Lâm Lộc: tục gọi chợ Méi.
q6_page_504-0009,"Chợ Xuân An: tục gọi chợ Cầu Cháy, có quán."
q6_page_504-0010,"Chợ Thạch An, chợ Châu Mi, chợ Mỹ Khê, chợ Đông An."
q6_page_504-0011,Quán Tư Vinh: tục gọi quán Mũi Núi.
q6_page_504-0012,"Quán Long Giang: tục gọi quán Điểu Sông, ở phía bắc đường quan, gần bến đò Châu Tử."
q6_page_504-0013,Quán Phong Đăng; tục gọi quán Hàng Cau.
q6_page_504-0014,Các chợ và quán kể trên đều thuộc huyện Bình Sơn.
q6_page_504-0015,Chợ Thạch Bi: tục gọi chợ Sa Huỳnh.
q6_page_505-0001,Chợ Lộc Điền: tục gọi chợ Xảo.
q6_page_505-0002,Chợ Long Trì tục gọi chợ Mã.
q6_page_505-0003,Chợ Tú Sơn: tục gọi chợ Điểm.
q6_page_505-0004,Chợ Quất Lâm: tục gọi chợ Cây Sung.
q6_page_505-0005,Chợ Phú Lâm: tục gọi chợ Cà Đố.
q6_page_505-0006,"Chợ Thanh Hảo, chợ Trà Ninh, chợ Hội An, quán Thạch Trù."
q6_page_505-0007,"Quán Bồ Đề: tục gọi quán Cây Cầu có nhiều rượu ngon, ngạn ngữ nói ""rượu Bồ Đề""."
q6_page_505-0008,Quán Thí Phổ:
q6_page_505-0009,"ở gần đường quan, tục gọi quán Mỹ."
q6_page_505-0010,Quán An Định: tục gọi quán Châu.
q6_page_505-0011,Quán Tân Tự: tục gọi quán Dương.
q6_page_505-0012,Quán Lâm An: tục gọi quán Cây Trâm.
q6_page_505-0013,Quán Lâm Đăng: tục gọi quán Cát.
q6_page_505-0014,Quán Đông Ngạn: tục gọi quán Trà Câu.
q6_page_505-0015,Quán Thạch Tân: tục gọi quán Sứ.
q6_page_505-0016,Các chợ và quán kể trên đều thuộc huyện Mộ Đức.
q6_page_505-0017,CÂU ĐÒ
q6_page_505-0018,"Cầu đá: ba huyện trong tỉnh có 59 câu bằng đá, bắc ở đường quan, trong ấy có 3 câu hai dịp và 56 câu một dịp; lại có 72 cửa cổng đá, xây từ năm Minh Mênh thứ 7."
q6_page_506-0001,Cầu Chinh Méng: tuc goi cau Bau Duong.
q6_page_506-0002,Cầu Phúc Lộc: tục gọi cầu Đá.
q6_page_506-0003,"Cầu Tân Quan, cầu Vạn An, cầu Ba La."
q6_page_506-0004,Năm cầu kể trên đều thuộc huyện Chương Nghĩa.
q6_page_506-0005,Cầu Diên Lộc: tục gọi cầu Kênh.
q6_page_506-0006,"Cầu Bàu Đề, cầu Bàu Mộc (đều ở xã Phú Nhân)."
q6_page_506-0007,"Cầu Tri Bình, cầu Mỹ Khê."
q6_page_506-0008,Năm cầu kể trên đều thuộc huyện Bình Sơn.
q6_page_506-0009,Cầu Bồ Đề: tục gọi cầu Cống.
q6_page_506-0010,Cầu Phúc Sơn: tục gọi cầu Thủy Đạo.
q6_page_506-0011,Cầu Thí Phổ: trước là đường cái.
q6_page_506-0012,Cầu Thủy Thạch: tục gọi cầu Ông Nghiệm.
q6_page_506-0013,"Cầu Bảo Tháp, cầu Thạch Trụ, cầu Đông Ngạn cầu Tân Hội."
q6_page_506-0014,Tám cầu kể trên đều thuộc huyện Mộ Đức.
q6_page_506-0015,"Đò Hoà Dương, đò Thái Hoà: tục gọi đồ Cầu Phao."
q6_page_506-0016,"Đò Trà Khúc: liên đường quan, gần tỉnh thành."
q6_page_506-0017,"Đò Vệ Giang: liền đường quan, phía bắc gần trạm Ngãi Mỹ."
q6_page_506-0018,Bốn đò kể trên đều thuộc huyện Chương Nghĩa.
q6_page_507-0001,Đò Hà Nhai:
q6_page_507-0002,"ở dưới gò núi có sông nhỏ, phía nam hợp với sông Trà Khúc, ven sông người ở đông đúc, chợ phố tấp nập, tiếng hát ông chài, chú mục vang đến rừng suối, hàng ngày về chiều người ta gọi đò, đi lại như mắc cửi, đêm khuya mới im."
q6_page_507-0003,"Tập Mười cảnh ở Quảng Ngãi có một đề là ""Hà nhai vãn độ"" (Đò Hà Nhai buổi chiều), tức là bến này."
q6_page_507-0004,"Nay dòng sông đã cạn, nên phong cảnh cũng tiêu điều."
q6_page_507-0005,"Đò Miên Khê: trước có cầu, nay bỏ."
q6_page_507-0006,"Đò Trà Câu: gần đường quan, phía bắc gần trạm Ngãi Sơn."
q6_page_507-0007,"Đò Trà Ninh, đò Hội An."
q6_page_507-0008,Bốn bến đò kể trên đều thuộc huyện Mộ Đức.
q6_page_507-0009,ĐÊN MIẾU
q6_page_507-0010,Đàn Xã Tắc:
q6_page_507-0011,"ở địa phận huyện Chương Nghĩa về phía tây nam tỉnh thành, thờ thần Xã Tắc bản cảnh dựng từ năm Minh Mệnh thứ 14, vuông rộng 4 trượng 3 thước, cao 3 thước."
q6_page_507-0012,Đàn Tiên Nông:
q6_page_507-0013,"ở phía đông tỉnh thành, địa phận huyện Chương Nghĩa thờ thần Tiên Nông."
q6_page_507-0014,Lại có hơn 3 mẫu ruộng tịch điển ở phía nam.
q6_page_507-0015,Dựng năm Minh Mệnh thứ 14.
q6_page_507-0016,Đàn Sơn Xuyên: chưa dựng.
q6_page_508-0001,"Văn miếu ở địa phận xã Phú Nhân huyện Bình Sơn, thờ tiên thánh sư Khổng Tử."
q6_page_508-0002,"Quy chế có nhà chính 1 gian 2 chái, tả vu và hữu vu đều 5 gian, nghi môn phía trước mở 3 cửa, dựng từ năm Gia Long thứ 16."
q6_page_508-0003,"Đền Khải Thánh ở phía hữu Văn miếu, dựng từ năm Minh Mệnh thứ 20."
q6_page_508-0004,"Trước mặt Văn miếu, lấy núi Thiên Bút làm tiền án, phía tả là núi Thiên Ấn, phía hữu là núi Long Đầu, nước sông Trà Khúc chảy vòng quanh phía trước, núi sông châu hướng thật là kiểu đất đẹp."
q6_page_508-0005,Miếu Hội Đồng:
q6_page_508-0006,"ở địa phận huyện Chương Nghĩa, phía trước gồm tấn sở Đại Cổ Lũy, thờ thần kỳ bản cảnh."
q6_page_508-0007,"Quy chế: chính đường và tiền đường đều 3 gian 2 chái, dựng từ năm Gia Long thứ 3, đến năm Minh Mệnh thứ 17 tu bổ lại."
q6_page_508-0008,Miếu Thành Hoàng:
q6_page_508-0009,"ở địa phận huyện Chương Nghĩa về phía tây bắc tỉnh thành, thờ thần Thành Hoàng bản cảnh, dựng từ năm Minh Mệnh thứ 17."
q6_page_508-0010,Đền Quang Chiêu vương:
q6_page_508-0011,"ở thôn Xuân Thọ huyện Chương Nghĩa, thờ Trấn nam dinh Phó đô tướng Dương võ công thần họ Mai tên là Quý, tước phong Quang Chiêu vương."
q6_page_508-0012,"Gần đền lại có một ngôi đền nữa, tương truyền thờ thần Mai Cương là con của Quang Chiêu vương, thường được các triều phong tặng và hay tỏ dấu linh ứng."
q6_page_509-0001,Đền Bùi Trấn Công:
q6_page_509-0002,"đ xã Thu Phố huyện Chương Nghĩa, thờ Bùi Tá Hán, là công thần thời đầu bản triều."
q6_page_509-0003,Đền thần núi Long Đầu:
q6_page_509-0004,"ở huyện Bình Sơn, thờ thần Phi vận tướng quân, đỗ tiến sĩ khoa Kỷ Mùi triều Lê, nay đã quy thờ ở miếu Hội Đồng, dân địa phương dùng chỗ này thờ Thổ thần."
q6_page_509-0005,Đền thần Bát Lang:
q6_page_509-0006,"ở huyện Bình Sơn, thờ thần Bát Lang, hiệu của thần là Nguyên Xá sai quan, thường tỏ dấu tích anh linh, có sắc phong tặng."
q6_page_509-0007,Đền thần Thái Giám:
q6_page_509-0008,"ở phía bắc huyện Chương Nghĩa, thờ thần Ngũ hành Thái Giám."
q6_page_509-0009,Đền thần Thiên Y:
q6_page_509-0010,"ở núi Bột Tề huyện Bình Sơn, thờ thần Thiên Y chúa ngọc, đảo vũ khi hạn hán thường linh ứng."
q6_page_509-0011,Đền Thái Dương công chúa:
q6_page_509-0012,ở nguồn Thanh Bồng huyện Bình Sơn.
q6_page_509-0013,"Tương truyền, trước kia thần ở núi Hải Vân, đến đây hiển linh, dân địa phương lập đền thờ."
q6_page_509-0014,Đền thần Lộ Bôi:
q6_page_509-0015,"ở huyện Mộ Đức, thờ Hiến hưu linh thần."
q6_page_509-0016,"Tương truyền, hồi đầu bản triều, Nguyễn Hữu Kính đi đánh Thuận Thành, kéo quân đến xã Lộ Bôi, đêm mộng thấy ngôi sao lớn sa xuống phía nam núi, Hữu Kính bèn lẩm nhẩm cầu khấn, khi thắng trận trở về, lập miếu ở địa phương thờ, thường được phong tặng."
q6_page_510-0001,Đền Hoàng Công:
q6_page_510-0002,"ở huyện Mộ Đức, Thần họ Hoàng, huý là Công Thiệu, người xã Lộ Bôi."
q6_page_510-0003,"Hồi đầu bản triều, Công Thiệu làm Đề lãnh, khai khẩn ruộng đất, đào xẻ khe ngòi, dân địa phương được nhờ."
q6_page_510-0004,"Sau Công Thiệu đi đánh người Man, bị chết trận, dân địa phương lập đền thờ."
q6_page_510-0005,Đền Nguyễn Công:
q6_page_510-0006,"ở huyện Mộ Đức, thờ viên Cai giám Nguyễn Công Địch."
q6_page_510-0007,"Hồi đầu bản triều, Công Địch có công đánh dẹp người Man, khi chết được tặng Đặc tiến phụ quốc Thượng tướng quân."
q6_page_510-0008,Đền Anh cọp (Kha hổ):
q6_page_510-0009,"ở huyện Bình Sơn, thờ thần Kha hổ."
q6_page_510-0010,"Tương truyền khoảng đời Gia Long, có con cọp sắc trắng, thường ở trong núi Xuân Sơn, không làm hại người và súc vật, nếu có ác Man lén cướp, cọp thường đón đường đuổi đi."
q6_page_510-0011,"Người địa phương thường mò cá đêm ở dưới sông, thấy cọp đi ven bờ sông, thì ném cá cho ăn, nếu thấy có cọp khác đến thì đánh đuổi, các cọp khác phải xa lánh không dám đến gần."
q6_page_510-0012,"Người địa phương bèn viết khoán ước để ở trong núi, tôn cọp làm ""ông anh cả"", phàm gặp tế tự thì đem đầu lợn bò cho cọp, đêm đến thấy cọp đến ăn."
q6_page_510-0013,"Sau khi chết, ứng vào miệng người lên đồng để bảo cho dân biết là đã chết rồi."
q6_page_510-0014,"Người địa phương lập đền thờ ở cạnh núi, gọi là đền ""Anh cọp""."
q6_page_511-0001,CHÙA QUÁN
q6_page_511-0002,Chùa Thiên Ấn:
q6_page_511-0003,"ở trên núi Thiên Ấn, huyện Bình Sơn."
q6_page_511-0004,"Hồi đầu bản triều, ngự bút đề biển ngạch là ""Thiên Ấn tự""."
q6_page_511-0005,"Chùa ở trên đỉnh núi, cây cối tốt tươi, tăng đồ đông đúc, bốn mùa hương hoa không dứt, cũng là nơi thắng tích."
q6_page_511-0006,Chùa Diệu Giác:
q6_page_511-0007,"ở huyện Bình Sơn, chùa dựng trên gò cao, trước mặt trông ra hồ lớn nhỏ."
q6_page_511-0008,"Hồi đầu bản triều, có sắc cho tên là chùa Viên Tôn, qui mô rộng rãi, sau trải qua loạn lạc, chùa bị tàn phá, đến lúc đại định, các tăng đồ mới tu bổ lại."
q6_page_511-0009,"Từ đấy đèn hương rất thịnh, năm Thiệu Trị thứ nhất đổi tên là chùa Diệu Giác, năm thứ 5, người địa phương lại trùng tu, nhà cửa sạch sẽ rộng rãi, giới luật trang nghiêm, nhiều người đến lễ và xin thẻ."
q6_page_511-0010,Chùa Phổ Tế:
q6_page_511-0011,ở huyện Chương Nghĩa.
q6_page_511-0012,"Tương truyền, trước có viên tri phủ bỏ của riêng ra dựng chùa thờ Phật, hồi đầu bản triều, sắc cho tên là ""Phổ Tế tự"", trong biển ngạch có chữ ""Quốc chúa Từ tế đạo nhân (1) ngự đề""."
q6_page_511-0013,"Lại có ấn vuông, một quả khắc chữ ""Vân hán Chương Thiên thi ấn"", một quả khắc chữ ""Thiên Chí tôn""."
q6_page_511-0014,(1) 1) Từ Tế đạo nhân: tức Nguyễn Phúc Khoát (1739-1765).
q6_page_512-0001,Chùa Long Hưng:
q6_page_512-0002,ở huyện Bình Sơn.
q6_page_512-0003,"Hồi đầu bản triều có sắc cho biển ngạch ""Long Hưng tự""."
q6_page_512-0004,Chùa Linh Sơn:
q6_page_512-0005,"ở huyện Bình Sơn, có nhà sư là Đặng Thiên Xuân thiêu hoá, dấu vết vẫn còn, người địa phương phụng sự."
q6_page_512-0006,Chùa Bạch Thạch:
q6_page_512-0007,ở huyện Bình Sơn.
q6_page_512-0008,"Trong núi Man có một phiến đá cao ước vài ba trượng, có lưỡi đá thè ra rộng ước vài ba trượng, dưới lưỡi đá vuông vức bằng phẳng như tấm chiếu, bên cạnh có kỉ có bậc như cái án, người Man gọi là chùa Bạch Thạch, ít có người đến."
q6_page_512-0009,Chùa Hang:
q6_page_512-0010,"ở núi Long Phượng huyện Mộ Đức, phía trước núi có khe vòng quanh, cây cối xanh tốt, có hang đá, hang dài rộng chừng hơn hai thước, trông vào thì sâu thắm tối tăm khó có thể lưỡng, ngoài cửa hang thì vách đá ngăn che, chu vi hơn 7, 8 thước như hình động đá cũng có thể vào được."
q6_page_512-0011,"Tương truyền trước có một nhà sư trụ trì ở đây, gọi là chùa Hang, nhà sư thường sống bằng lá dâu, bao năm không ăn ngũ cốc, người ta gọi là Thái Tăng (sư ăn rau)."
q6_page_512-0012,"Sau khi nhà sư tịch, cửa hang bỏ hoang, ít người đi lại."
q6_page_513-0001,LĂNG MỘ
q6_page_513-0002,Mộ Quang Chiêu vương:
q6_page_513-0003,"ở trong núi thôn Phú Thọ huyện Chương Nghĩa, trước mộ có bia đá khắc chữ ""Trấn Nam dinh Quang Chiêu vương chi mộ""."
q6_page_513-0004,Nay dân thôn theo tuần tiết tế tảo.
q6_page_513-0005,Mộ Bùi Tá Hán:
q6_page_513-0006,đ xã Thu Phố huyện Chương Nghĩa. Mộ Hoàng Công Thiệu:
q6_page_513-0007,"ở thôn Phi Chiếu Đông, huyện Mộ Đức."
q6_page_513-0008,NHÂN VẬT
q6_page_513-0009,ĐỜI LÊ
q6_page_513-0010,"Nguyễn Nhân Liên: người huyện Chương Nghĩa, gặp loạn nhà Mạc, Nhân Liên giận họ Mạc vô quân, cùng bọn Lê Công Uyên (hiệu Bích Khê), Nguyễn Ngã, Nguyễn Thọ Trường đem con em về Thanh Hoá dấy quân, gọi là ""Lê binh"", sau bị nhà Mạc đánh bại."
q6_page_513-0011,"Bùi Tá Hán: người huyện Chương Nghĩa, làm quan ở triều Lê Anh Tông, làm đến Bắc quân đô đốc phủ chưởng phủ sự Quảng Nam tổng trấn, Thiếu bảo Trấn Quân công."
q6_page_513-0012,"Đến lúc Thái Tổ Gia Dụ hoàng đế vào trấn Thuận Hoá, Tá Hán đem binh sĩ dinh Quảng Nam theo giúp, được tặng Thái bảo và cho thuy là Thành cảm địch nghị uy vọng huân đức chiêu tá mậu tích tuyên uy tôn thần."
q6_page_513-0013,Sau thường tỏ anh linh.
q6_page_513-0014,"Các triều trước khen là sống trung nghĩa, chết anh linh, sai lập miếu thờ và ban cho đồ thờ."
q6_page_513-0015,Năm Minh Mệnh thứ 13 gia phong Khuông quốc tỉnh biên thụ đức thượng đẳng thần.
q6_page_513-0016,"Trước kia Tá Hán ở Quảng Nam, đắp đồn lũy ở ven núi cách phía tây lũy dài chừng vài bốn dặm để chống giữ giặc Man, nay vẫn còn dấu vết."
q6_page_513-0017,"Bùi Phụ Phong, làm Tri phủ Hoằng An tức là dòng dõi."
q6_page_514-0001,ĐỜI NGUYỄN
q6_page_514-0002,"Lê Văn Duyệt: người huyện Chương Nghĩa, sau vào ngụ ở Định Tường, khi để đã không có dương vật."
q6_page_514-0003,"Duyệt là người thâm trầm, dữ tợn, chiến đấu giỏi."
q6_page_514-0004,"Đầu được trao chức Thái giám, từng theo đi Vọng Các, khi trở về nước, thăng Nội hậu cai đội rồi thăng Diệu vũ hiệu uý, vì quân công được thăng Tả dinh Đô thống chế."
q6_page_514-0005,"Các trận đánh ở cửa Thi Nại và cửa Tư Hiền, vũ công của Duyệt đứng hàng đầu, sau được phong tước Quận công."
q6_page_514-0006,"Mùa hè năm Gia Long thứ nhất Bắc phạt, được trao chức Bình tây tướng quân, kéo quân đi trước."
q6_page_514-0007,"Quân của Duyệt đi đến đầu như gió lướt cỏ, đánh lấy được Bắc Thành."
q6_page_514-0008,"Lại đem quân đi đánh tan ác Man ở Quảng Ngãi, đắp lũy, đặt lân, giữ vững biên thuỳ, bờ cõi được yên."
q6_page_514-0009,"Sau đó, làm Tổng trấn Gia Định, hộ tổng quốc vương Cao Mên Ông Chăn về Nguyễn Văn Uy: người huyện Chương Nghĩa, có công theo đi Vọng Các, từng làm đến Cai đội Ban trực hữu Phó vệ uý, thăng đến Thuộc nội chưởng cơ."
q6_page_514-0010,"Sau khi chết, con là Xuyên được ấm phong ân Kỵ uý."
q6_page_514-0011,"Trần Công Hiến: người huyện Chương Nghĩa, năm Quý Sửu đem lòng quy thuận, vì có công làm nội ứng phá giặc, trao chức Cai cơ."
q6_page_514-0012,"Năm Giáp Dần làm Cai đội dinh Trung quân, sau thăng Chấn phong phó vệ uý, lập nhiều chiến công, thăng Chánh thống Hậu đồn Trung quân, kiêm lý việc tham quản năm đồn."
q6_page_514-0013,"Năm Gia Long thứ nhất ra làm Trấn thủ Hải Dương; năm thứ 2 thăng Chưởng cơ, vẫn giữ công việc trấn thủ."
q6_page_514-0014,"Chết, tặng Vũ huân tướng quân, Hiến là người thanh nhã, trọng nho học, xử sự rộng rãi công bằng, khi chết người ta đều thương tiết."
q6_page_514-0015,"Con tên là Tĩnh, do tập ấm được liệt vào sách anh danh và được bổ Suất đội cơ Bắc Ninh."
q6_page_514-0016,"Đầu đời Tự Đức quyền sung Hiệp quản, phái đi bắt giặc ở Lạng Sơn, bị chết trận, tặng Phó quản cơ."
q6_page_515-0001,"Nguyễn Thành người huyện Chương Nghĩa, có công theo đi Vọng Các, từng làm Thuộc nội cai đội và Vệ uý vệ Kiên Uy."
q6_page_515-0002,"Năm Nhâm Tuất, theo quân vượt biển, gặp gió to đấm thuyền chết, tặng Chưởng dinh và liệt thờ ở miếu Hiển Trung và miếu Trung hứng công thần."
q6_page_516-0001,"Nguyễn Tiến Huyên: người huyện Chương Nghĩa, trước hàm Vệ uý Nguy triều, sau quy thuận, trao cho Cai cơ, theo Hoài Quốc công Võ Tánh đánh giặc."
q6_page_516-0002,"Tử tiết ở thành Bình Định, tặng Chưởng cơ, liệt thờ ở các đền Chiêu Trung, Hiển Trung và miếu Trung hưng công thần."
q6_page_516-0003,"Con là Tiến Quang, làm Vệ uý vệ Hữu Thủy thành Gia Định, được phái đi Ba Xuyên bắt giặc, bị chết trận, tặng Cẩm binh phó vệ uý."
q6_page_516-0004,"Đoàn Khắc Cung người huyện Bình Sơn, nổi tiếng về văn học, đầu đời Gia Long làm Đốc học Gia Định."
q6_page_516-0005,"Năm Minh Mệnh thứ 3, chuyển sang chức Thiêm sư Công bộ, làm việc lương tiền ở Châu Đốc, năm thứ 4, coi công việc đào sông Vĩnh Tế hợp lực với Binh Tào và Hộ Tào Gia Định quản lý lương tiền, sau đó, thự chức Cai bạ Phiên An, rồi bị bệnh chết, tặng thực thụ Cai bạ và cấp cho 100 quan tiền."
q6_page_516-0006,"Trương Đăng Quế: người huyện Bình Sơn, đỗ hương cống đời Gia Long."
q6_page_516-0007,Đăng Quế là người khai khoa hương tiến ở Quảng Ngãi.
q6_page_516-0008,"Đầu đời Minh Mệnh sung Đông cung bạn độc, sau thăng chức Binh bộ Thượng thư sung Cơ mật viện đại thần, năm thứ 14 gia Thái tử thiếu bảo, năm thứ 15 sung Kinh lược đại sứ đi khám đạc ruộng đất ở sáu tỉnh Nam Kỳ, thăng Hiệp biện đại học sĩ vẫn giữ công việc Binh bộ; năm thứ 17 sung Kinh lược đại thần ở Thanh Hoa, đánh tan thổ phỉ, khi trở về vẫn giữ chức cũ đến cha, thì Danh gầm hét như hổ, lâu sau mới dần tỉnh lại, chỉ giỏ nước mất khóc mà không nói gì cả."
q6_page_516-0009,"Đầu đời Tự Đức được cho biển ngạch đề bốn chữ ""Hiếu hạnh khả phong""."
q6_page_517-0001,TĂNG
q6_page_517-0002,"Bùi Đặng Tường: người huyện Bình Sơn, năm 12 tuổi đi tu ở chùa Phổ Phúc, giữ giới luật rất cẩn, được hoà thượng Chính Thưởng cho pháp danh là Long Kỳ đại sư."
q6_page_517-0003,"Đời Duệ Tông năm Quý Mùi thứ 8, Tây Sơn nổi loạn, lấn cướp đất láng giềng."
q6_page_517-0004,"Bùi Đặng Tường vào châu nhận mật chỉ về hội họp các sư sãi chiêu mộ những người nghĩa dũng đánh giặc, có công được phong Khâm sai vệ quốc sư."
q6_page_517-0005,"Sau đánh nhau với giặc ở Cảnh Phúc (tên đất thuộc Quảng Nam), chết tại trận."
q6_page_517-0006,"Bấy giờ Đặng Tường 27 tuổi, đồ đệ đem hài cốt về táng ở thôn Ngọc Giáp (thuộc Quảng Nam)."
q6_page_517-0007,THỔ SẢN
q6_page_517-0008,"Vải, lụa, là, nhiều: sản ở hai huyện Bình Sơn và Mộ Đức."
q6_page_517-0009,"Nghĩa Sâm: sản ở các núi ven biển thuộc huyện Bình Sơn, tháng 2, tháng 3 nở hoa, người ta đào lấy củ, rửa sạch và xôi qua, cao hết vỏ thô, ban ngày phơi nắng, ban đêm sấy than."
q6_page_517-0010,"Thứ sâm này có vẫn ngang cũng như bắc sâm, vị ngọt và thanh dặm."
q6_page_517-0011,"Có sâm hộ, đồng niên mỗi người phải nộp hạng nhất và hạng nhì mỗi hạng 1 cân 8 lạng."
q6_page_517-0012,"Quế: sản ở hai nguồn Thanh Cù và Thanh Bồng, ít dầu, vị bạc."
q6_page_517-0013,"Đường cát: các huyện đều có, nhiều nhất là huyện Bình Sơn; lại có đường phèn."
q6_page_517-0014,"Lúa: các giống lúa tẻ lúa nếp cũng giống như Thừa Thiên, chỉ có các thứ lúa tràng hạt, lúa vung, lúa kéo, lúa lớn và lúa vốc trồng ở Trong Mọi."
q6_page_517-0015,"Trong Mọi"" là khác với các tỉnh."
q6_page_517-0016,"Dầu phụng: có thuế, đồng niên mỗi người phải nộp 15 cân."
q6_page_517-0017,"Cây sáp: sản ở huyện Bình Sơn, hạt cây giã nát ra có thể dùng đốt làm đuốc được, gỗ dùng làm cối rất bền."
q6_page_517-0018,"Cây dầu hương: sản ở phường An Hải ngoài biển huyện Bình Sơn, trước kia có thuế dầu, giữa đời Gia Long, cây dầu đổ, phải nộp thay bằng dầu phụng, giữa đời Minh Mệnh cây dầu sống lại, lại phải nộp thuế như cũ."
q6_page_518-0001,"Cây hoàng độc: sản ở trong núi có cổ tranh, cây có mật, củ như củ gừng, luộc ăn, vị thanh đạm mà có nhựa."
q6_page_519-0001,"Cây báng: quang lang, sản đ nguồn núi, cây như cây cau mà lớn hơn, trong thân cây có bột có thể nấu cháo ăn, hạt nó thái ra từng phiến cũng có thể nấu cháo được."
q6_page_519-0002,Người Man có cất rượu báng.
q6_page_519-0003,"Giải mộc: sản ở trong núi, cây cao, cành có tầng lớp như cây bàng."
q6_page_519-0004,"Thuộc mộc: cây cao, lá như lá đa mà lớn hơn, gặp năm đói, người ta hái hạt để ăn."
q6_page_519-0005,Trúc lớn: có thể dùng làm xà nhà.
q6_page_519-0006,Trúc bạch mi: ống nó có thể dùng làm sáo.
q6_page_519-0007,Mây hốt hoá: có thể dùng làm cán giáo.
q6_page_519-0008,"Lại có mây xà côn và mây voi, mây lợn."
q6_page_519-0009,"Lưới gai: sản ở huyện Chương Nghĩa, có hộ chuyên nghiệp."
q6_page_519-0010,"Võng: sản đ huyện Chương Nghĩa, có hộ chuyên nghiệp."
q6_page_519-0011,"Mắm nhum: sản ở các đảo ngoài biển, khoảng đời Minh Mệnh đặt hộ mắm nhum 5 người, mỗi năm phải nộp 2 cân mắm."
q6_page_519-0012,"Muối: có thuế, mỗi phương muối phải nộp thay bằng 3 tiển."
q6_page_520-0001,PHỦ LUCY
q6_page_520-0002,QUAN PAO HOANG SA
q6_page_520-0003,"Ở đây chúng tôi cũng theo sách Việt sử cương giám khảo lược (q. 4) của Nguyễn Thông để ghi lại một số tư liệu về quần đảo Hoàng Sa, tức Vạn lý Trường Sa và quần đảo Côn Lôn là hai quần đảo lớn ở trong hải phận nước ta."
q6_page_520-0004,"Về quần đảo Hoàng Sa sách ấy chép rằng ""Vạn lý Trường Sa: -Từ đảo Lý Sơn (tục gọi là Ngoại Lao, người Trung Quốc gọi là Ngoại La) (tức là cù lao Ré) đi thuyền về phía đông, ba ngày đêm thì đến."
q6_page_520-0005,"Nước Đại Việt Nam ta ở buổi quốc sơ thường kén những người đinh tráng của hai hộ An Hải và An Vĩnh mà đặt đội Hoàng Sa để đi kiếm lượm những vật ngoài biển, hàng năm cứ tháng 2 đi, tháng 8 về."
q6_page_520-0006,"Bãi cát dăng từ phía đông mà sang phía nam, chỗ nổi lên chỗ chìm xuống, không biết mấy nghìn dặm."
q6_page_520-0007,"Ở trong có vụng sâu, thuyền có thể đậu được."
q6_page_520-0008,Trên bãi có nước ngọt.
q6_page_520-0009,Chim biển có nhiều giống không biết tên.
q6_page_520-0010,"Có một cái miếu cổ, lợp ngói biển ngạch khắc mấy chữ ""Vạn lý ba bình"", không biết dựng từ đời nào."
q6_page_520-0011,Các quân nhân đến đây thường (1) Do người hiệu đính sưu tầm.
q6_page_520-0012,(2) Vạn lý ba bình: muôn dặm sóng êm.
q6_page_522-0001,Sa Môn ấy với Nam Áo ở phía tây bắc và với đảo Đại tỉnh ở Bình Hải đứng đối nhau như ba chân vạc.
q6_page_522-0002,Trường Sa Môn từ nam đến bắc rộng ước 5 canh đường.
q6_page_522-0003,"Những thuyền Phiên, tàu Tây qua lại với các nước Nam Dương, Lũ Tống, Văn Lai, Tô Lộc, đều do Trường Sa Môn mà ra."
q6_page_522-0004,"Gió Bắc thì lấy Nam Áo làm chuẩn, gió nồm thì lấy Đại tỉnh là chuẩn."
q6_page_522-0005,"Duy từ các tỉnh Giang Tô, Chiết Giang, Phúc Kiến đi sang đông Nam Dương thì đi qua Sa Mã Kì Đầu Môn ở Đài Loan mà đến các nước Lũ Tống."
q6_page_522-0006,"Thuyền Tây Dương đi phía đông biển Côn Lôn Thất Châu ở phía ngoài Vạn lý Trường Sa, qua Sa Mã Kì Đầu Môn mà đến Phúc Kiến và Chiết Giang."
q6_page_522-0007,"Thuyền Nhật Bản thì lấy thẳng đường dây cung mà đến Trung Quốc, đến Nam Dương thì đi phía ngoài Vạn lý Trường Sa, mênh mông không lấy gì làm chuẩn được đều từ Việt dương trong khoảng các đảo ấy mà đến Thất Châu""."
q6_page_522-0008,"Lại xin dẫn thêm sách Phủ biên tạp lục (q. 2) nói về quần đảo Hoàng Sa như sau ""Xã An Vĩnh huyện Bình Sơn phủ Quảng Ngãi ở gần biển; ngoài biển về phía đông bắc có nhiều đảo, các núi linh tinh đến hơn một trăm ba mươi ngọn, giữa các núi là biển, cách nhau hoặc một ngày đường hoặc mấy canh."
q6_page_522-0009,Trên núi (đảo) thỉnh thoảng có suối nước ngọt.
q6_page_522_524-0001,"Trong đảo có bãi cát vàng, dài chừng hơn 30 dặm, đất bằng phẳng rộng rãi, nước trong thấu đáy."
q6_page_524-0001,"Bên đảo thì yến sào nhiều vô số. Các loài chim kể hàng nghìn vạn, thấy người thì vây họp xung quanh không tránh."
q6_page_524-0002,"Bên bãi rất nhiều vật la, như ốc hoa, có thứ gọi là ốc tai tượng, to như cái chiếu, dưới bụng có hột to như ngón tay, sắc đục không bằng hạt châu của trai, vỏ có thể tách ra thành phiến, lại có thể dùng nấu vôi để nề nhà; có thứ gọi là ốc Xa Cừ, có thể dùng để trang sức đồ dùng; có thứ gọi là ốc hương; thịt các giống ốc đều có thể muối mắm và nấu ăn được."
q6_page_524-0003,"Con đồi mồi rất lớn, có thứ gọi là hải ba (ba ba biển), tục gọi là trắng bông giống đồi mồi mà nhỏ, mai mỏng, có thể dùng trang sức đồ dùng, trứng bằng đầu ngón tay cái có thể dùng muối mà ăn được."
q6_page_524-0004,"Có vật tên là hải sâm, tục gọi là con đột đột, bơi lội bên bãi, bắt lấy và lấy vôi xát qua, bỏ ruột mà phơi khô, khi ăn dùng nước cua mà ngâm rồi cạo sạch đi, ăn như thịt cá heo mà ngon hơn."
q6_page_524-0005,Các tàu thuyền của người Phiên gặp bão hay đến dựa vào đảo ấy.
q6_page_524-0006,"Họ Nguyễn trước kia đặt đội Hoàng Sa 70 suất, lấy người xã An Vĩnh sung vào, thay phiên nhau, mỗi năm cứ tháng 2 thì nhận giấy sai đi, đem theo 6 tháng lương, ngồi năm chiếc thuyền câu tư mà ra biển, ba ngày ba đêm mới đến. đảo ấy để ở."
q6_page_524-0007,"Mặc sức kiếm lượm, bắt cá và chim mà ăn."
q6_page_524_525-0001,"Đồ vật của tàu lượm được là mũi kiếm cưỡi ngựa, tiền bạc, hòn bạc, đồ đồng, khối thiếc, chì, súng, ngà voi, sáp ong, chăn nệm, đồ sứ."
q6_page_525-0001,"Lại lượm được mai đồi mồi, mai hải ba, hải sâm, hột ốc hoa khá nhiều."
q6_page_525-0002,"Cứ kỳ tháng 8 thì về cửa Eo, đến thành Phú Xuân để nộp, cân xét để định hạng xong thì mới cho bán riêng các thứ ốc hoa, hải ba, hải sâm, rồi lãnh bằng trở về."
q6_page_525-0003,Bãi Hoàng Sa gần phủ Quỳnh Châu của Hải Nam.
q6_page_525-0004,"Người đi thuyền một hôm gặp thuyền đánh cá của người Bắc quốc giữa biển hỏi nhau, từng thấy công văn của quan chính đường huyện Văn Xương phủ Quỳnh Châu gửi cho xứ Thuận Hoá, trong nói rằng năm Càn Long thứ 19, có mười quân nhân người xã An Bình thuộc đội kiểm vàng huyện Chương Nghĩa, phủ Quảng Ngãi nước An Nam, hồi tháng 7 đến Vạn lý Trường Sa kiểm lượm các vật, tám người lên bờ tìm kiếm, chỉ còn hai người giữ thuyền, gặp bão đứt neo, giạt đến đảo Thanh Lan, quan địa phương tra thực, áp chở về quê quán."
